median house value,median income,housing median age,total rooms,total bedrooms,population,households,latitude,longitude
453000,8.33,41,880,129,322,126,3.7880000000000003e+001,-1.22E+02
359000,8.3,21,7100,1110,2400,1140,3.7859999999999999e+001,-1.22E+02
352000,7.26,52,1470,190,496,177,3.7850000000000001e+001,-1.22E+02
341000,5.64,52,1270,235,558,219,3.7850000000000001e+001,-1.22E+02
342000,3.85,52,1630,280,565,259,3.7850000000000001e+001,-1.22E+02
270000,4.04,52,919,213,413,193,3.7850000000000001e+001,-1.22E+02
299000,3.66,52,2540,489,1090,514,3.7840000000000003e+001,-1.22E+02
241000,3.12,52,3100,687,1160,647,3.7840000000000003e+001,-1.22E+02
227000,2.08,42,2560,665,1210,595,3.7840000000000003e+001,-1.22E+02
261000,3.69,52,3550,707,1550,714,3.7840000000000003e+001,-1.22E+02
282000,3.2,52,2200,434,910,402,3.7850000000000001e+001,-1.22E+02
242000,3.27,52,3500,752,1500,734,3.7850000000000001e+001,-1.22E+02
214000,3.08,52,2490,474,1100,468,3.7850000000000001e+001,-1.22E+02
191000,2.67,52,696,191,345,174,3.7840000000000003e+001,-1.22E+02
159000,1.92,52,2640,626,1210,620,3.7850000000000001e+001,-1.22E+02
140000,2.13,50,1120,283,697,264,3.7850000000000001e+001,-1.22E+02
153000,2.77,52,1970,347,793,331,3.7850000000000001e+001,-1.22E+02
156000,2.12,52,1230,293,648,303,3.7850000000000001e+001,-1.22E+02
159000,1.99,50,2240,455,990,419,3.7840000000000003e+001,-1.22E+02
163000,2.6,52,1500,298,690,275,3.7840000000000003e+001,-1.22E+02
148000,1.36,40,751,184,409,166,3.7850000000000001e+001,-1.22E+02
160000,1.71,42,1640,367,929,366,3.7850000000000001e+001,-1.22E+02
114000,1.73,52,2440,541,1020,478,3.7840000000000003e+001,-1.22E+02
99700,2.18,52,1690,337,853,325,3.7840000000000003e+001,-1.22E+02
133000,2.6,52,2220,437,1010,422,3.7840000000000003e+001,-1.22E+02
108000,2.4,41,535,123,317,119,3.7850000000000001e+001,-1.22E+02
93800,2.46,49,1130,244,607,239,3.7850000000000001e+001,-1.22E+02
106000,1.81,52,1900,421,1100,397,3.7850000000000001e+001,-1.22E+02
109000,1.64,50,2080,492,1130,473,3.7840000000000003e+001,-1.22E+02
132000,1.69,52,729,160,395,155,3.7840000000000003e+001,-1.22E+02
122000,1.93,49,1920,447,863,378,3.7840000000000003e+001,-1.22E+02
115000,1.96,52,2150,481,1170,441,3.7840000000000003e+001,-1.22E+02
110000,1.8,48,1920,409,1030,335,3.7840000000000003e+001,-1.22E+02
105000,1.38,49,1660,366,754,329,3.7829999999999998e+001,-1.22E+02
110000,2.73,51,2670,574,1260,536,3.7829999999999998e+001,-1.22E+02
97200,1.49,49,1220,282,570,264,3.7829999999999998e+001,-1.22E+02
105000,1.1,48,1800,432,987,374,3.7829999999999998e+001,-1.22E+02
104000,1.41,52,1510,390,901,403,3.7829999999999998e+001,-1.22E+02
191000,3.48,52,1470,330,689,309,3.7829999999999998e+001,-1.22E+02
176000,2.59,52,2430,715,1380,696,3.7829999999999998e+001,-1.22E+02
155000,2.1,52,1670,419,946,395,3.7829999999999998e+001,-1.22E+02
150000,1.29,51,936,311,517,249,3.7829999999999998e+001,-1.22E+02
119000,1.02,49,713,202,462,189,3.7840000000000003e+001,-1.22E+02
189000,3.96,52,950,202,467,198,3.7840000000000003e+001,-1.22E+02
184000,3.01,52,1440,311,660,292,3.7829999999999998e+001,-1.22E+02
182000,2.68,52,1660,420,718,382,3.7829999999999998e+001,-1.22E+02
143000,2.03,50,1130,322,616,304,3.7829999999999998e+001,-1.22E+02
138000,1.73,43,1010,312,558,253,3.7820000000000000e+001,-1.22E+02
188000,0.951,40,624,195,423,160,3.7820000000000000e+001,-1.22E+02
113000,1.77,40,946,375,700,352,3.7820000000000000e+001,-1.22E+02
172000,0.922,21,896,453,735,438,3.7820000000000000e+001,-1.22E+02
93800,1.5,43,1870,456,1060,407,3.7820000000000000e+001,-1.22E+02
97500,1.11,41,3220,853,1960,720,3.7820000000000000e+001,-1.22E+02
104000,1.25,52,1630,456,1160,400,3.7820000000000000e+001,-1.22E+02
87500,1.61,52,1170,235,701,233,3.7820000000000000e+001,-1.22E+02
83100,1.41,52,945,243,576,220,3.7820000000000000e+001,-1.22E+02
87500,1.51,52,1240,288,622,259,3.7820000000000000e+001,-1.22E+02
85300,0.817,52,1490,335,728,244,3.7820000000000000e+001,-1.22E+02
80300,1.22,52,1390,341,1070,304,3.7820000000000000e+001,-1.22E+02
60000,2.56,2,158,43,94,57,3.7820000000000000e+001,-1.22E+02
75700,3.39,52,1120,211,554,187,3.7829999999999998e+001,-1.22E+02
75000,6.12,49,135,29,86,23,3.7820000000000000e+001,-1.22E+02
86100,0.901,50,760,190,377,122,3.7810000000000002e+001,-1.22E+02
76100,1.19,52,1220,237,521,159,3.7810000000000002e+001,-1.22E+02
73500,2.59,48,828,182,392,133,3.7810000000000002e+001,-1.22E+02
78400,1.17,52,1010,209,604,187,3.7810000000000002e+001,-1.22E+02
84400,0.806,48,1460,354,788,332,3.7810000000000002e+001,-1.22E+02
81300,2.61,52,1030,244,492,147,3.7799999999999997e+001,-1.22E+02
85000,1.85,52,572,109,274,82,3.7810000000000002e+001,-1.22E+02
129000,0.98,46,2800,644,1820,611,3.7810000000000002e+001,-1.22E+02
82500,1.77,26,768,152,392,127,3.7810000000000002e+001,-1.22E+02
95200,0.729,46,935,297,582,277,3.7810000000000002e+001,-1.22E+02
75000,1.75,49,844,204,560,152,3.7810000000000002e+001,-1.22E+02
67500,0.5,46,12,4,18,7,3.7810000000000002e+001,-1.22E+02
138000,2.48,20,835,161,290,133,3.7810000000000002e+001,-1.22E+02
178000,0.924,17,1240,462,762,439,3.7810000000000002e+001,-1.22E+02
102000,2.45,36,2910,562,1240,509,3.7810000000000002e+001,-1.22E+02
108000,1.11,19,1210,243,721,207,3.7810000000000002e+001,-1.22E+02
113000,0.803,23,1750,374,1050,325,3.7810000000000002e+001,-1.22E+02
131000,2.01,38,684,176,344,155,3.7799999999999997e+001,-1.22E+02
163000,1.5,17,924,289,609,289,3.7810000000000002e+001,-1.22E+02
113000,1.17,52,210,56,183,56,3.7810000000000002e+001,-1.22E+02
113000,1.52,52,340,97,200,87,3.7810000000000002e+001,-1.22E+02
138000,0.808,52,386,164,346,155,3.7810000000000002e+001,-1.22E+02
119000,1.81,35,948,184,467,169,3.7810000000000002e+001,-1.22E+02
98200,2.41,52,773,143,377,115,3.7810000000000002e+001,-1.22E+02
119000,0.977,40,880,451,582,380,3.7810000000000002e+001,-1.22E+02
163000,0.76,10,875,348,546,330,3.7810000000000002e+001,-1.22E+02
138000,0.972,10,105,42,125,39,3.7799999999999997e+001,-1.22E+02
500000,1.24,52,249,78,396,85,3.7799999999999997e+001,-1.22E+02
163000,2.09,16,994,392,800,362,3.7799999999999997e+001,-1.22E+02
138000,0.867,52,215,87,904,88,3.7799999999999997e+001,-1.22E+02
163000,0.75,52,96,31,191,34,3.7799999999999997e+001,-1.22E+02
188000,2.64,27,1060,347,718,302,3.7789999999999999e+001,-1.22E+02
179000,1.85,39,1720,623,1330,467,3.7799999999999997e+001,-1.22E+02
130000,2.01,36,5330,2480,3470,2320,3.7799999999999997e+001,-1.22E+02
184000,2.83,31,4600,1330,2050,1180,3.7820000000000000e+001,-1.22E+02
125000,2.01,29,335,107,202,91,3.7810000000000002e+001,-1.22E+02
170000,1.22,22,3680,1270,2020,1250,3.7820000000000000e+001,-1.22E+02
193000,2.61,37,3630,1090,1840,980,3.7820000000000000e+001,-1.22E+02
258000,2.49,29,4660,1410,2300,1250,3.7810000000000002e+001,-1.22E+02
273000,3.22,28,5810,1600,2560,1500,3.7810000000000002e+001,-1.22E+02
238000,3.13,39,854,242,389,228,3.7810000000000002e+001,-1.22E+02
350000,2.58,52,2160,701,895,613,3.7810000000000002e+001,-1.22E+02
336000,2.84,34,5870,1910,2690,1790,3.7810000000000002e+001,-1.22E+02
313000,4.93,52,1510,225,674,244,3.7820000000000000e+001,-1.22E+02
269000,3.27,52,2030,482,709,456,3.7810000000000002e+001,-1.22E+02
259000,3.17,52,1760,460,686,422,3.7810000000000002e+001,-1.22E+02
276000,3.9,52,3480,751,1440,718,3.7820000000000000e+001,-1.22E+02
225000,3.91,28,3340,855,1520,802,3.7820000000000000e+001,-1.22E+02
263000,5.09,52,1420,289,550,253,3.7820000000000000e+001,-1.22E+02
219000,2.64,32,3810,1100,1810,1020,3.7820000000000000e+001,-1.22E+02
255000,3.02,26,3960,1200,1750,1220,3.7820000000000000e+001,-1.22E+02
224000,3.15,52,2380,559,939,519,3.7829999999999998e+001,-1.22E+02
243000,3.47,35,1610,428,675,422,3.7829999999999998e+001,-1.22E+02
232000,3.14,52,1280,287,534,291,3.7829999999999998e+001,-1.22E+02
219000,2.42,28,5020,1750,2560,1660,3.7829999999999998e+001,-1.22E+02
234000,3.09,52,4190,1110,1790,1040,3.7829999999999998e+001,-1.22E+02
328000,5.86,50,2520,399,970,373,3.7840000000000003e+001,-1.22E+02
348000,5.29,47,3180,454,1100,485,3.7840000000000003e+001,-1.22E+02
366000,5.96,41,2580,406,794,376,3.7829999999999998e+001,-1.22E+02
335000,4.96,37,334,54,98,47,3.7850000000000001e+001,-1.22E+02
374000,6.34,52,2800,411,1060,403,3.7850000000000001e+001,-1.22E+02
390000,5.18,52,3530,574,1180,555,3.7840000000000003e+001,-1.22E+02
391000,7.24,52,2610,365,901,367,3.7850000000000001e+001,-1.22E+02
337000,5.46,28,5290,1050,2030,956,3.7850000000000001e+001,-1.22E+02
295000,7.5,50,2940,473,1030,479,3.7840000000000003e+001,-1.22E+02
292000,6.02,44,3420,597,1360,597,3.7840000000000003e+001,-1.22E+02
412000,7.55,40,4990,674,1620,654,3.7829999999999998e+001,-1.22E+02
312000,6.07,30,2210,346,844,343,3.7840000000000003e+001,-1.22E+02
326000,7.05,34,3040,490,1140,496,3.7840000000000003e+001,-1.22E+02
393000,11.6,18,1620,210,533,194,3.7840000000000003e+001,-1.22E+02
319000,7.49,35,2870,460,1070,443,3.7840000000000003e+001,-1.22E+02
333000,6.9,34,5070,788,1630,766,3.7829999999999998e+001,-1.22E+02
335000,8.2,28,1330,184,463,190,3.7829999999999998e+001,-1.22E+02
351000,8.4,26,1590,223,542,211,3.7829999999999998e+001,-1.22E+02
369000,6.85,29,1790,271,661,269,3.7829999999999998e+001,-1.22E+02
366000,8.32,32,1840,264,635,263,3.7820000000000000e+001,-1.22E+02
367000,7.02,37,1230,181,420,176,3.7820000000000000e+001,-1.22E+02
363000,6.33,39,3770,534,1270,500,3.7820000000000000e+001,-1.22E+02
483000,6.36,30,292,38,126,52,3.7810000000000002e+001,-1.22E+02
331000,7.05,52,2380,333,813,350,3.7820000000000000e+001,-1.22E+02
324000,6.79,45,2960,436,1070,426,3.7810000000000002e+001,-1.22E+02
217000,2.89,50,2830,605,1260,552,3.7799999999999997e+001,-1.22E+02
233000,3.08,38,2250,535,951,487,3.7799999999999997e+001,-1.22E+02
296000,5.24,52,1390,212,510,224,3.7810000000000002e+001,-1.22E+02
274000,6.52,52,1970,335,765,308,3.7810000000000002e+001,-1.22E+02
228000,3.26,52,2180,465,1130,460,3.7799999999999997e+001,-1.22E+02
200000,3.03,52,2290,464,1070,441,3.7799999999999997e+001,-1.22E+02
240000,4.54,52,2720,541,1190,515,3.7799999999999997e+001,-1.22E+02
270000,4.07,52,2020,339,756,340,3.7810000000000002e+001,-1.22E+02
302000,5.35,52,2940,536,1030,521,3.7810000000000002e+001,-1.22E+02
270000,3.16,52,2030,486,787,459,3.7799999999999997e+001,-1.22E+02
315000,4.77,52,1430,229,612,213,3.7810000000000002e+001,-1.22E+02
390000,8.16,52,2930,402,1020,380,3.7810000000000002e+001,-1.22E+02
410000,8.88,52,2320,292,861,258,3.7810000000000002e+001,-1.22E+02
352000,6.86,52,2490,313,953,327,3.7810000000000002e+001,-1.22E+02
287000,6.03,52,1490,238,634,256,3.7810000000000002e+001,-1.22E+02
349000,7.51,52,2810,365,878,352,3.7810000000000002e+001,-1.22E+02
244000,2.75,52,2090,550,918,483,3.7810000000000002e+001,-1.22E+02
212000,2.19,52,888,168,360,175,3.7799999999999997e+001,-1.22E+02
218000,3.01,52,2090,510,1200,488,3.7799999999999997e+001,-1.22E+02
270000,3.67,52,2510,502,1050,518,3.7810000000000002e+001,-1.22E+02
219000,3.23,46,3230,835,1370,747,3.7810000000000002e+001,-1.22E+02
225000,2.93,42,4120,1070,1720,1020,3.7799999999999997e+001,-1.22E+02
250000,2.14,43,2360,792,1360,722,3.7799999999999997e+001,-1.22E+02
171000,1.61,41,1470,469,1060,413,3.7799999999999997e+001,-1.22E+02
194000,1.39,29,2470,864,1340,773,3.7799999999999997e+001,-1.22E+02
125000,2.32,27,1630,492,1170,429,3.7789999999999999e+001,-1.22E+02
97500,1.78,45,1790,526,1480,460,3.7789999999999999e+001,-1.22E+02
125000,2.65,50,629,188,742,196,3.7789999999999999e+001,-1.22E+02
139000,2.18,52,1340,391,1090,363,3.7789999999999999e+001,-1.22E+02
117000,2.23,36,1680,606,1650,543,3.7799999999999997e+001,-1.22E+02
152000,1.65,43,2340,647,1710,644,3.7799999999999997e+001,-1.22E+02
127000,2.27,52,996,228,731,228,3.7799999999999997e+001,-1.22E+02
129000,2.16,52,1590,373,1120,347,3.7799999999999997e+001,-1.22E+02
141000,2.13,52,1590,398,1010,335,3.7799999999999997e+001,-1.22E+02
183000,2.63,47,2050,588,1210,554,3.7799999999999997e+001,-1.22E+02
147000,2.38,52,1190,289,772,257,3.7799999999999997e+001,-1.22E+02
123000,2.96,52,1800,420,1320,401,3.7799999999999997e+001,-1.22E+02
169000,2.52,49,2840,749,1490,677,3.7799999999999997e+001,-1.22E+02
127000,1.94,52,783,184,488,186,3.7799999999999997e+001,-1.22E+02
128000,1.9,51,1590,414,949,392,3.7799999999999997e+001,-1.22E+02
124000,2.25,50,1750,480,1150,415,3.7799999999999997e+001,-1.22E+02
112000,2.39,52,1250,299,844,280,3.7799999999999997e+001,-1.22E+02
113000,2.19,43,5960,1340,4370,1230,3.7789999999999999e+001,-1.22E+02
108000,2.94,52,1780,395,1660,412,3.7789999999999999e+001,-1.22E+02
138000,1.89,30,999,264,1010,263,3.7789999999999999e+001,-1.22E+02
106000,2.16,39,1470,431,1460,389,3.7789999999999999e+001,-1.22E+02
95500,2.13,47,1370,395,1240,303,3.7789999999999999e+001,-1.22E+02
116000,3.38,52,674,180,647,168,3.7789999999999999e+001,-1.22E+02
112000,2.25,43,1630,376,1280,357,3.7789999999999999e+001,-1.22E+02
75000,2.1,51,175,43,228,55,3.7789999999999999e+001,-1.22E+02
113000,1.6,39,461,129,381,123,3.7789999999999999e+001,-1.22E+02
125000,3.63,52,902,237,846,227,3.7789999999999999e+001,-1.22E+02
115000,1.69,20,2370,779,1660,676,3.7799999999999997e+001,-1.22E+02
95000,1.65,52,391,128,520,138,3.7770000000000003e+001,-1.22E+02
96400,2.59,52,1140,301,866,259,3.7770000000000003e+001,-1.22E+02
72000,2.57,52,769,206,612,183,3.7770000000000003e+001,-1.22E+02
71300,2.64,52,472,146,415,126,3.7780000000000001e+001,-1.22E+02
80800,3.03,52,862,215,994,213,3.7780000000000001e+001,-1.22E+02
129000,1.49,50,1920,530,1530,477,3.7780000000000001e+001,-1.22E+02
113000,1.93,43,1420,472,1510,438,3.7780000000000001e+001,-1.22E+02
119000,1.48,52,986,258,1010,255,3.7780000000000001e+001,-1.22E+02
118000,1.6,44,2340,825,2810,751,3.7780000000000001e+001,-1.22E+02
123000,2.04,48,1700,396,1480,343,3.7789999999999999e+001,-1.22E+02
106000,2.29,49,1180,217,859,219,3.7789999999999999e+001,-1.22E+02
133000,2.15,37,2340,574,1610,523,3.7789999999999999e+001,-1.22E+02
123000,1.62,30,610,145,425,140,3.7789999999999999e+001,-1.22E+02
113000,1.33,40,930,199,564,184,3.7789999999999999e+001,-1.22E+02
110000,3.52,44,1490,314,961,272,3.7789999999999999e+001,-1.22E+02
165000,3.9,52,3420,690,2270,685,3.7789999999999999e+001,-1.22E+02
125000,3.09,52,762,190,600,195,3.7789999999999999e+001,-1.22E+02
125000,2.6,46,2370,575,1650,527,3.7789999999999999e+001,-1.22E+02
137000,2.5,49,1830,450,1200,424,3.7789999999999999e+001,-1.22E+02
142000,2.8,38,3050,711,2170,659,3.7789999999999999e+001,-1.22E+02
150000,2.83,29,1640,376,939,340,3.7789999999999999e+001,-1.22E+02
139000,2.96,47,1540,307,859,292,3.7789999999999999e+001,-1.22E+02
139000,2.84,34,2360,557,1520,516,3.7789999999999999e+001,-1.22E+02
144000,2.88,35,1750,409,1140,386,3.7789999999999999e+001,-1.22E+02
157000,3.07,39,2000,500,1110,464,3.7799999999999997e+001,-1.22E+02
151000,3.08,39,2020,447,1220,446,3.7799999999999997e+001,-1.22E+02
273000,4.96,43,3050,499,1120,455,3.7799999999999997e+001,-1.22E+02
217000,4.77,52,1550,293,706,268,3.7799999999999997e+001,-1.22E+02
187000,3.49,52,3520,711,1880,706,3.7799999999999997e+001,-1.22E+02
240000,5.12,41,2070,354,804,340,3.7799999999999997e+001,-1.22E+02
230000,4.1,48,1320,263,506,252,3.7799999999999997e+001,-1.22E+02
257000,4.74,48,1690,259,610,238,3.7799999999999997e+001,-1.22E+02
247000,4.27,46,1940,341,768,332,3.7799999999999997e+001,-1.22E+02
180000,2.98,50,968,195,462,184,3.7789999999999999e+001,-1.22E+02
170000,4.17,40,1060,256,667,235,3.7789999999999999e+001,-1.22E+02
203000,3.85,46,2040,405,1060,399,3.7799999999999997e+001,-1.22E+02
263000,4.01,52,1810,271,637,277,3.7799999999999997e+001,-1.22E+02
232000,4.66,45,2720,451,1110,454,3.7789999999999999e+001,-1.22E+02
141000,2.93,28,3140,761,1740,669,3.7789999999999999e+001,-1.22E+02
126000,2.3,35,1800,459,1010,390,3.7789999999999999e+001,-1.22E+02
122000,2.67,49,882,195,737,210,3.7789999999999999e+001,-1.22E+02
135000,2.62,44,1620,452,1350,491,3.7789999999999999e+001,-1.22E+02
139000,2.42,45,2120,533,1530,474,3.7789999999999999e+001,-1.22E+02
115000,2.78,45,2020,528,1410,480,3.7789999999999999e+001,-1.22E+02
137000,2.74,46,2240,508,1390,569,3.7780000000000001e+001,-1.22E+02
137000,1.85,52,1480,300,1070,269,3.7780000000000001e+001,-1.22E+02
143000,2.66,52,1060,224,792,245,3.7780000000000001e+001,-1.22E+02
138000,3.05,49,898,244,779,245,3.7780000000000001e+001,-1.22E+02
112000,2.39,44,2970,710,2270,610,3.7780000000000001e+001,-1.22E+02
127000,1.72,43,1700,460,1230,407,3.7780000000000001e+001,-1.22E+02
111000,2.63,47,881,248,753,241,3.7780000000000001e+001,-1.22E+02
115000,2.8,40,494,114,547,135,3.7770000000000003e+001,-1.22E+02
102000,1.73,50,1780,473,1810,440,3.7780000000000001e+001,-1.22E+02
132000,2.08,44,1680,514,1700,495,3.7780000000000001e+001,-1.22E+02
119000,2.49,51,1640,463,1540,393,3.7780000000000001e+001,-1.22E+02
80600,1.75,52,1420,314,1090,300,3.7759999999999998e+001,-1.22E+02
80600,4.09,52,591,173,353,137,3.7770000000000003e+001,-1.22E+02
88800,2.68,52,745,153,473,149,3.7770000000000003e+001,-1.22E+02
102000,2.43,49,2270,498,1620,483,3.7770000000000003e+001,-1.22E+02
98700,2.33,46,1230,375,1180,354,3.7770000000000003e+001,-1.22E+02
100000,2.26,43,1020,328,836,277,3.7770000000000003e+001,-1.22E+02
92300,1.8,42,932,254,900,263,3.7770000000000003e+001,-1.22E+02
94800,2.26,39,2690,597,1890,537,3.7770000000000003e+001,-1.22E+02
102000,2.06,41,1550,415,1020,341,3.7770000000000003e+001,-1.22E+02
158000,3.54,52,2300,443,1230,423,3.7780000000000001e+001,-1.22E+02
122000,3.12,39,1750,399,1070,376,3.7780000000000001e+001,-1.22E+02
129000,2.54,50,1870,403,1130,378,3.7780000000000001e+001,-1.22E+02
121000,2.9,43,2430,502,1540,484,3.7770000000000003e+001,-1.22E+02
103000,2.31,44,1730,414,1240,393,3.7780000000000001e+001,-1.22E+02
160000,2.88,52,1030,180,469,168,3.7780000000000001e+001,-1.22E+02
144000,3.37,52,2170,428,1090,425,3.7770000000000003e+001,-1.22E+02
151000,3.51,52,2330,445,1140,417,3.7770000000000003e+001,-1.22E+02
164000,4.31,52,2490,415,1110,375,3.7780000000000001e+001,-1.22E+02
157000,3.22,52,2200,397,984,369,3.7780000000000001e+001,-1.22E+02
225000,3.88,33,142,31,575,47,3.7780000000000001e+001,-1.22E+02
174000,5.23,49,1180,205,496,209,3.7780000000000001e+001,-1.22E+02
167000,3.73,52,1070,193,555,190,3.7780000000000001e+001,-1.22E+02
164000,4.59,45,1770,332,869,327,3.7780000000000001e+001,-1.22E+02
253000,5.26,39,617,95,236,106,3.7789999999999999e+001,-1.22E+02
241000,7.09,41,1410,233,626,214,3.7789999999999999e+001,-1.22E+02
208000,3.97,46,2110,387,922,329,3.7789999999999999e+001,-1.22E+02
198000,2.95,47,1230,243,582,256,3.7789999999999999e+001,-1.22E+02
173000,2.67,50,954,217,546,201,3.7789999999999999e+001,-1.22E+02
337000,5.44,37,1640,262,620,266,3.7810000000000002e+001,-1.22E+02
318000,6.28,34,1360,195,442,195,3.7799999999999997e+001,-1.22E+02
286000,6.75,23,2320,336,955,328,3.7799999999999997e+001,-1.22E+02
293000,7.07,24,2460,317,916,324,3.7770000000000003e+001,-1.22E+02
371000,5.98,22,12800,2050,4990,1970,3.7789999999999999e+001,-1.22E+02
157000,3.69,42,1520,260,651,267,3.7780000000000001e+001,-1.22E+02
135000,2.88,30,3330,746,1700,703,3.7770000000000003e+001,-1.22E+02
137000,3.42,43,1990,440,1090,407,3.7780000000000001e+001,-1.22E+02
161000,3.3,50,1640,322,713,284,3.7780000000000001e+001,-1.22E+02
141000,3.88,49,893,177,468,181,3.7780000000000001e+001,-1.22E+02
144000,4.17,52,653,128,296,121,3.7780000000000001e+001,-1.22E+02
162000,4.38,47,1260,217,570,218,3.7770000000000003e+001,-1.22E+02
156000,4.77,48,977,194,446,180,3.7770000000000003e+001,-1.22E+02
176000,3.57,45,2320,397,968,384,3.7770000000000003e+001,-1.22E+02
146000,3.1,39,1580,349,857,316,3.7770000000000003e+001,-1.22E+02
142000,3.4,39,1610,342,912,322,3.7770000000000003e+001,-1.22E+02
90700,1.87,31,2420,533,1360,452,3.7770000000000003e+001,-1.22E+02
90600,1.94,41,1590,367,1070,355,3.7759999999999998e+001,-1.22E+02
108000,2.18,47,2120,413,965,382,3.7759999999999998e+001,-1.22E+02
107000,2.29,37,1580,358,933,320,3.7759999999999998e+001,-1.22E+02
98200,2.43,38,1760,397,987,354,3.7759999999999998e+001,-1.22E+02
89500,1.95,50,1190,261,907,246,3.7759999999999998e+001,-1.22E+02
93800,3.91,52,754,175,447,165,3.7759999999999998e+001,-1.22E+02
96700,1.84,49,2310,452,1300,451,3.7759999999999998e+001,-1.22E+02
97500,2.08,27,909,236,396,157,3.7770000000000003e+001,-1.22E+02
97300,2.81,42,1180,257,877,268,3.7770000000000003e+001,-1.22E+02
91200,1.89,43,2020,408,1110,367,3.7759999999999998e+001,-1.22E+02
91400,1.71,49,1370,282,790,269,3.7759999999999998e+001,-1.22E+02
96200,2.28,52,2740,547,1480,554,3.7770000000000003e+001,-1.22E+02
120000,3.26,51,2110,471,1170,438,3.7770000000000003e+001,-1.22E+02
100000,2.06,52,1750,362,1030,366,3.7770000000000003e+001,-1.22E+02
94700,2.47,52,2020,391,1030,350,3.7759999999999998e+001,-1.22E+02
85700,1.75,47,1120,259,826,279,3.7759999999999998e+001,-1.22E+02
89300,2.05,41,2040,510,1410,454,3.7770000000000003e+001,-1.22E+02
101000,2.72,45,1850,393,1130,349,3.7770000000000003e+001,-1.22E+02
72500,1.21,41,921,207,522,159,3.7759999999999998e+001,-1.22E+02
74100,1.93,45,995,238,630,237,3.7759999999999998e+001,-1.22E+02
70000,1.58,36,606,132,531,133,3.7750000000000000e+001,-1.22E+02
84600,1.41,37,2680,736,1930,667,3.7759999999999998e+001,-1.22E+02
81800,0.768,38,1490,370,1140,351,3.7759999999999998e+001,-1.22E+02
81400,1.32,19,2210,565,1480,520,3.7750000000000000e+001,-1.22E+02
81800,0.801,28,856,189,435,162,3.7750000000000000e+001,-1.22E+02
85800,1.95,26,1290,297,984,303,3.7759999999999998e+001,-1.22E+02
87100,1.18,36,847,212,567,159,3.7740000000000002e+001,-1.22E+02
83500,2.35,42,541,154,380,123,3.7740000000000002e+001,-1.22E+02
79700,2.15,44,1070,253,825,244,3.7729999999999997e+001,-1.22E+02
83400,2.51,43,707,147,417,155,3.7740000000000002e+001,-1.22E+02
84700,1.26,45,1530,291,801,287,3.7729999999999997e+001,-1.22E+02
80000,2.91,42,909,215,646,198,3.7729999999999997e+001,-1.22E+02
76400,2.52,43,1390,293,855,285,3.7729999999999997e+001,-1.22E+02
79700,2.11,44,548,119,435,136,3.7729999999999997e+001,-1.22E+02
82400,2.46,42,4070,874,2740,780,3.7729999999999997e+001,-1.22E+02
97700,2.4,41,1610,445,1480,414,3.7740000000000002e+001,-1.22E+02
97200,2.15,47,463,134,327,137,3.7740000000000002e+001,-1.22E+02
102000,2.48,43,818,193,494,179,3.7740000000000002e+001,-1.22E+02
86500,2.16,43,1470,371,1230,341,3.7729999999999997e+001,-1.22E+02
90500,1.84,35,504,126,323,109,3.7740000000000002e+001,-1.22E+02
108000,3.03,46,1030,226,749,225,3.7740000000000002e+001,-1.22E+02
84200,2.25,46,769,183,693,178,3.7740000000000002e+001,-1.22E+02
88900,2.25,46,2100,391,1340,354,3.7740000000000002e+001,-1.22E+02
80700,4.05,45,330,76,282,80,3.7750000000000000e+001,-1.22E+02
87100,1.33,46,941,218,621,195,3.7750000000000000e+001,-1.22E+02
85100,1.62,38,992,279,732,259,3.7750000000000000e+001,-1.22E+02
82000,2.17,45,990,261,901,260,3.7750000000000000e+001,-1.22E+02
82800,1.92,36,1130,263,482,150,3.7750000000000000e+001,-1.22E+02
84600,2.07,43,1040,233,652,213,3.7750000000000000e+001,-1.22E+02
82100,1.71,36,1050,214,651,166,3.7750000000000000e+001,-1.22E+02
89300,2.56,33,1280,307,999,286,3.7759999999999998e+001,-1.22E+02
98300,1.98,43,1590,320,907,306,3.7750000000000000e+001,-1.22E+02
92300,2.5,41,1260,271,828,230,3.7750000000000000e+001,-1.22E+02
88800,2.33,44,1220,248,763,254,3.7750000000000000e+001,-1.22E+02
90000,1.44,48,1750,390,935,349,3.7750000000000000e+001,-1.22E+02
95500,2.51,45,2300,514,1440,484,3.7759999999999998e+001,-1.22E+02
91700,1.56,38,2460,624,1520,482,3.7750000000000000e+001,-1.22E+02
100000,3.16,47,998,211,597,185,3.7750000000000000e+001,-1.22E+02
94800,1.84,40,1690,343,949,342,3.7759999999999998e+001,-1.22E+02
164000,4.67,46,1830,307,881,302,3.7759999999999998e+001,-1.22E+02
156000,2.46,36,2780,574,1440,519,3.7759999999999998e+001,-1.22E+02
197000,6.07,39,1820,286,763,270,3.7759999999999998e+001,-1.22E+02
279000,4.83,27,2230,365,1300,355,3.7770000000000003e+001,-1.22E+02
253000,5.57,34,1510,231,545,211,3.7759999999999998e+001,-1.22E+02
275000,5.37,26,3270,491,1220,533,3.7759999999999998e+001,-1.22E+02
250000,6.86,33,1810,261,808,219,3.7750000000000000e+001,-1.22E+02
330000,7.69,28,794,111,329,109,3.7750000000000000e+001,-1.22E+02
196000,4.03,36,690,105,299,109,3.7750000000000000e+001,-1.22E+02
256000,6.83,33,1330,200,579,202,3.7750000000000000e+001,-1.22E+02
311000,4.97,30,414,54,137,50,3.7750000000000000e+001,-1.22E+02
330000,5.36,36,768,93,229,93,3.7750000000000000e+001,-1.22E+02
249000,5,41,4400,666,1480,648,3.7740000000000002e+001,-1.22E+02
143000,2.92,46,954,161,429,154,3.7750000000000000e+001,-1.22E+02
126000,3.89,40,1450,256,849,255,3.7750000000000000e+001,-1.22E+02
136000,3.23,44,1940,399,946,331,3.7750000000000000e+001,-1.22E+02
131000,3.15,41,856,178,571,191,3.7740000000000002e+001,-1.22E+02
108000,2.54,24,1790,454,1140,386,3.7750000000000000e+001,-1.22E+02
111000,2.56,44,617,131,378,135,3.7750000000000000e+001,-1.22E+02
122000,3.51,43,1380,275,853,272,3.7740000000000002e+001,-1.22E+02
118000,3.31,49,1330,277,764,282,3.7740000000000002e+001,-1.22E+02
95200,1.82,40,1230,294,928,261,3.7750000000000000e+001,-1.22E+02
94300,3.8,35,667,140,406,133,3.7750000000000000e+001,-1.22E+02
92500,2.29,34,1220,281,824,280,3.7740000000000002e+001,-1.22E+02
91800,2.5,37,1380,287,835,259,3.7750000000000000e+001,-1.22E+02
109000,4.04,43,1530,300,826,295,3.7740000000000002e+001,-1.22E+02
130000,3.48,46,1030,181,567,211,3.7740000000000002e+001,-1.22E+02
143000,4.15,52,771,147,355,144,3.7740000000000002e+001,-1.22E+02
98200,2.63,47,824,223,533,166,3.7740000000000002e+001,-1.22E+02
103000,2.02,44,1100,239,609,215,3.7740000000000002e+001,-1.22E+02
277000,3.33,49,1280,238,576,236,3.7899999999999999e+001,-1.22E+02
271000,5.34,52,1600,263,594,286,3.7899999999999999e+001,-1.22E+02
246000,3.47,52,2250,422,870,377,3.7890000000000001e+001,-1.22E+02
224000,3.51,38,2260,522,1030,509,3.7899999999999999e+001,-1.22E+02
229000,3.14,52,1570,349,693,326,3.7890000000000001e+001,-1.22E+02
212000,2.8,46,1520,402,815,375,3.7890000000000001e+001,-1.22E+02
256000,4.58,15,5080,1210,2420,1150,3.7899999999999999e+001,-1.22E+02
206000,3.02,36,1080,293,518,276,3.7890000000000001e+001,-1.22E+02
221000,4.09,52,1250,283,620,275,3.7890000000000001e+001,-1.22E+02
207000,4.53,42,1340,291,551,266,3.7890000000000001e+001,-1.22E+02
350000,1.74,37,3060,930,2560,924,3.7880000000000003e+001,-1.22E+02
218000,3.18,52,3170,698,1500,696,3.7890000000000001e+001,-1.22E+02
217000,3.87,50,1210,261,523,227,3.7880000000000003e+001,-1.22E+02
271000,5.17,52,979,175,374,153,3.7890000000000001e+001,-1.22E+02
261000,5.17,52,2270,380,1000,371,3.7890000000000001e+001,-1.22E+02
261000,4.26,52,1840,332,769,334,3.7880000000000003e+001,-1.22E+02
232000,5.06,52,2180,421,940,423,3.7890000000000001e+001,-1.22E+02
375000,5.62,42,1650,274,645,256,3.7899999999999999e+001,-1.22E+02
357000,7.89,52,1930,279,705,288,3.7899999999999999e+001,-1.22E+02
374000,7.96,52,2080,273,684,275,3.7899999999999999e+001,-1.22E+02
359000,6.17,52,1800,240,572,236,3.7899999999999999e+001,-1.22E+02
418000,6.94,52,2040,270,671,253,3.7899999999999999e+001,-1.22E+02
431000,8.83,52,3050,373,975,365,3.7890000000000001e+001,-1.22E+02
363000,7.18,52,2320,328,779,312,3.7899999999999999e+001,-1.22E+02
397000,10.1,52,2000,250,658,244,3.7899999999999999e+001,-1.22E+02
347000,4.91,52,2260,328,819,335,3.7899999999999999e+001,-1.22E+02
327000,5.79,52,1230,169,412,168,3.7890000000000001e+001,-1.22E+02
290000,4.59,52,2320,408,835,369,3.7890000000000001e+001,-1.22E+02
292000,5.42,52,2070,329,722,306,3.7890000000000001e+001,-1.22E+02
271000,4.13,52,2620,473,1090,487,3.7890000000000001e+001,-1.22E+02
371000,7.27,52,2640,366,973,355,3.7890000000000001e+001,-1.22E+02
336000,5.4,52,1980,293,723,272,3.7890000000000001e+001,-1.22E+02
371000,7.83,37,2220,335,903,362,3.7899999999999999e+001,-1.22E+02
344000,6.16,41,1130,195,356,181,3.7890000000000001e+001,-1.22E+02
342000,6.38,52,3080,494,1010,462,3.7890000000000001e+001,-1.22E+02
371000,6.68,52,3710,531,1210,504,3.7890000000000001e+001,-1.22E+02
350000,7.54,37,3000,457,987,450,3.7890000000000001e+001,-1.22E+02
369000,6.71,42,2860,460,1030,448,3.7890000000000001e+001,-1.22E+02
392000,6.24,52,2550,417,894,404,3.7880000000000003e+001,-1.22E+02
415000,5.8,52,2260,410,823,377,3.7880000000000003e+001,-1.22E+02
285000,4.28,52,3360,648,1230,621,3.7880000000000003e+001,-1.22E+02
288000,3.54,52,1690,391,669,367,3.7880000000000003e+001,-1.22E+02
273000,3.01,44,2250,592,989,550,3.7880000000000003e+001,-1.22E+02
260000,4.14,52,2500,491,1060,464,3.7880000000000003e+001,-1.22E+02
255000,4.19,52,1190,200,506,207,3.7880000000000003e+001,-1.22E+02
236000,3.92,52,1170,215,489,218,3.7880000000000003e+001,-1.22E+02
218000,3.89,52,2160,424,824,388,3.7880000000000003e+001,-1.22E+02
229000,3.11,48,2370,490,1030,475,3.7880000000000003e+001,-1.22E+02
192000,2.99,46,1900,442,920,425,3.7880000000000003e+001,-1.22E+02
179000,3.56,52,1650,395,841,380,3.7880000000000003e+001,-1.22E+02
188000,1.48,45,453,146,749,137,3.7880000000000003e+001,-1.22E+02
139000,1.7,52,409,97,208,98,3.7880000000000003e+001,-1.22E+02
150000,2.17,10,503,118,228,100,3.7869999999999997e+001,-1.22E+02
141000,2.75,50,499,127,287,128,3.7859999999999999e+001,-1.22E+02
120000,2.57,52,477,119,218,106,3.7850000000000001e+001,-1.22E+02
145000,2.9,46,1650,376,854,355,3.7880000000000003e+001,-1.22E+02
145000,2.22,52,3120,749,1700,684,3.7869999999999997e+001,-1.22E+02
246000,3.23,52,957,188,403,172,3.7880000000000003e+001,-1.22E+02
200000,3.52,52,589,132,288,131,3.7869999999999997e+001,-1.22E+02
174000,1.98,49,2030,548,963,521,3.7869999999999997e+001,-1.22E+02
186000,2.67,50,1830,536,1130,516,3.7869999999999997e+001,-1.22E+02
183000,3.88,52,895,198,386,204,3.7869999999999997e+001,-1.22E+02
228000,3.01,52,1910,416,811,406,3.7880000000000003e+001,-1.22E+02
221000,2.54,46,3020,696,1290,675,3.7869999999999997e+001,-1.22E+02
212000,2.87,46,1780,446,805,431,3.7869999999999997e+001,-1.22E+02
271000,2.19,52,2800,930,1370,876,3.7880000000000003e+001,-1.22E+02
269000,1.78,30,1470,439,862,425,3.7869999999999997e+001,-1.22E+02
278000,2.52,37,2620,682,1150,616,3.7880000000000003e+001,-1.22E+02
333000,4.28,52,1150,255,483,249,3.7880000000000003e+001,-1.22E+02
339000,2.94,52,2360,604,1560,573,3.7880000000000003e+001,-1.22E+02
288000,1.73,52,2600,837,1800,769,3.7880000000000003e+001,-1.22E+02
385000,5.23,41,685,141,266,123,3.7869999999999997e+001,-1.22E+02
371000,2.56,42,1760,465,2180,422,3.7869999999999997e+001,-1.22E+02
350000,0.949,52,1200,460,2020,477,3.7869999999999997e+001,-1.22E+02
500000,1.17,52,609,236,1350,250,3.7869999999999997e+001,-1.22E+02
175000,1.4,52,1090,371,3340,350,3.7869999999999997e+001,-1.22E+02
242000,1.19,52,2770,998,1720,949,3.7869999999999997e+001,-1.22E+02
217000,1.75,35,3220,1110,1680,1000,3.7869999999999997e+001,-1.22E+02
211000,2.88,49,1350,368,707,350,3.7869999999999997e+001,-1.22E+02
210000,2.74,52,3080,698,1420,694,3.7869999999999997e+001,-1.22E+02
196000,3.86,52,938,195,393,189,3.7859999999999999e+001,-1.22E+02
192000,3.56,52,1810,353,828,339,3.7869999999999997e+001,-1.22E+02
182000,2.28,52,1230,300,571,292,3.7869999999999997e+001,-1.22E+02
175000,2.54,44,2540,755,1380,713,3.7869999999999997e+001,-1.22E+02
166000,2.52,46,1270,324,792,321,3.7869999999999997e+001,-1.22E+02
157000,1.99,52,1670,404,815,372,3.7859999999999999e+001,-1.22E+02
164000,2.82,52,1660,367,788,346,3.7859999999999999e+001,-1.22E+02
150000,2.62,52,2230,460,1150,430,3.7869999999999997e+001,-1.22E+02
151000,1.95,50,2490,607,1350,563,3.7859999999999999e+001,-1.22E+02
170000,1.93,52,2030,450,958,445,3.7859999999999999e+001,-1.22E+02
147000,1.98,49,2930,668,1360,608,3.7859999999999999e+001,-1.22E+02
153000,2.42,52,2250,472,1010,449,3.7850000000000001e+001,-1.22E+02
183000,2.54,49,2050,435,924,414,3.7859999999999999e+001,-1.22E+02
179000,3.39,52,2000,417,780,358,3.7859999999999999e+001,-1.22E+02
158000,2.57,52,3010,691,1580,636,3.7859999999999999e+001,-1.22E+02
153000,2.28,41,2210,550,1210,568,3.7859999999999999e+001,-1.22E+02
250000,2.61,52,1090,305,486,267,3.7859999999999999e+001,-1.22E+02
206000,3.15,52,834,186,494,175,3.7859999999999999e+001,-1.22E+02
219000,2.69,52,1770,372,849,365,3.7859999999999999e+001,-1.22E+02
198000,1.84,52,2310,583,1130,548,3.7859999999999999e+001,-1.22E+02
254000,1.63,35,5160,1740,3280,1740,3.7859999999999999e+001,-1.22E+02
257000,2.9,52,3500,832,1490,794,3.7859999999999999e+001,-1.22E+02
290000,2.94,52,3770,744,1460,679,3.7859999999999999e+001,-1.22E+02
242000,3.39,52,2890,604,1250,538,3.7859999999999999e+001,-1.22E+02
490000,3.04,48,2150,517,1660,459,3.7859999999999999e+001,-1.22E+02
446000,7.09,52,1390,191,514,202,3.7859999999999999e+001,-1.22E+02
456000,5.05,52,1710,318,719,295,3.7859999999999999e+001,-1.22E+02
337000,1.77,52,1590,444,878,449,3.7859999999999999e+001,-1.22E+02
500000,7.85,52,1670,225,517,214,3.7859999999999999e+001,-1.22E+02
500000,9.4,52,3730,474,1370,496,3.7850000000000001e+001,-1.22E+02
377000,5.38,52,4050,663,1320,590,3.7859999999999999e+001,-1.22E+02
310000,3.26,52,3620,768,1510,755,3.7850000000000001e+001,-1.22E+02
182000,2.71,52,4080,920,1800,815,3.7850000000000001e+001,-1.22E+02
173000,2.24,47,2080,400,719,326,3.7850000000000001e+001,-1.22E+02
151000,1.9,50,1280,300,675,255,3.7850000000000001e+001,-1.22E+02
154000,1.58,52,1970,426,875,363,3.7850000000000001e+001,-1.22E+02
106000,2.28,52,335,83,152,77,3.7850000000000001e+001,-1.22E+02
142000,1.38,47,1380,307,843,319,3.7850000000000001e+001,-1.22E+02
119000,2.9,52,610,145,281,132,3.7850000000000001e+001,-1.22E+02
148000,1.73,44,1030,198,506,204,3.7850000000000001e+001,-1.22E+02
133000,2.26,48,2060,484,1050,466,3.7850000000000001e+001,-1.22E+02
133000,2.21,35,1870,419,1020,414,3.7840000000000003e+001,-1.22E+02
127000,2.7,52,3110,813,1620,765,3.7829999999999998e+001,-1.22E+02
144000,4,14,7360,2410,3100,2050,3.7840000000000003e+001,-1.22E+02
500000,7.88,52,2990,379,947,361,3.7829999999999998e+001,-1.22E+02
500000,11.9,39,2490,310,808,315,3.7820000000000000e+001,-1.22E+02
500000,13.5,42,2990,335,1020,335,3.7820000000000000e+001,-1.22E+02
500000,12.2,52,3240,366,1000,352,3.7820000000000000e+001,-1.22E+02
466000,8.19,52,3050,381,1010,369,3.7820000000000000e+001,-1.22E+02
500000,12.4,52,3490,396,1190,383,3.7820000000000000e+001,-1.22E+02
458000,5.89,52,1760,246,585,227,3.7829999999999998e+001,-1.22E+02
472000,8.12,52,2450,312,916,316,3.7829999999999998e+001,-1.22E+02
500000,8.75,52,1610,203,556,179,3.7820000000000000e+001,-1.22E+02
399000,6.16,52,3670,517,1470,520,3.7820000000000000e+001,-1.22E+02
341000,5.88,52,2470,403,1100,398,3.7820000000000000e+001,-1.22E+02
290000,5.21,52,3040,516,1240,518,3.7759999999999998e+001,-1.22E+02
335000,4.72,52,2270,323,805,321,3.7759999999999998e+001,-1.22E+02
333000,5.29,52,1320,177,378,162,3.7759999999999998e+001,-1.22E+02
241000,2.64,52,1150,235,481,223,3.7770000000000003e+001,-1.22E+02
190000,3.32,52,772,179,409,160,3.7770000000000003e+001,-1.22E+02
206000,3.64,52,1710,386,885,373,3.7770000000000003e+001,-1.22E+02
216000,3.02,52,2650,566,1470,567,3.7770000000000003e+001,-1.22E+02
210000,3.18,52,1040,220,482,215,3.7770000000000003e+001,-1.22E+02
209000,3.45,52,1530,320,825,264,3.7770000000000003e+001,-1.22E+02
198000,4.31,52,859,157,429,158,3.7770000000000003e+001,-1.22E+02
201000,3.34,52,970,217,528,208,3.7780000000000001e+001,-1.22E+02
191000,2.92,52,1050,239,496,216,3.7780000000000001e+001,-1.22E+02
208000,2.68,52,1410,280,718,265,3.7780000000000001e+001,-1.22E+02
215000,3.77,52,1220,264,630,265,3.7780000000000001e+001,-1.22E+02
213000,3.94,45,1170,263,723,286,3.7780000000000001e+001,-1.22E+02
293000,5.26,13,2020,535,959,486,3.7780000000000001e+001,-1.22E+02
275000,2.54,30,4150,869,3670,855,3.7789999999999999e+001,-1.22E+02
200000,2.64,42,2040,368,2040,355,3.7770000000000003e+001,-1.22E+02
173000,2.58,29,5150,1390,3740,1270,3.7780000000000001e+001,-1.22E+02
102000,1.94,42,1240,309,821,300,3.7780000000000001e+001,-1.22E+02
221000,2.97,52,1470,363,870,347,3.7770000000000003e+001,-1.22E+02
243000,3.75,27,4000,1070,1900,966,3.7770000000000003e+001,-1.22E+02
265000,5.17,18,2870,763,1240,663,3.7759999999999998e+001,-1.22E+02
219000,2.51,50,1490,306,730,327,3.7780000000000001e+001,-1.22E+02
282000,2.97,52,1670,350,793,299,3.7770000000000003e+001,-1.22E+02
372000,5.53,52,2250,388,1030,434,3.7770000000000003e+001,-1.22E+02
226000,4.17,52,1730,377,872,363,3.7770000000000003e+001,-1.22E+02
221000,2.71,52,1710,481,849,457,3.7770000000000003e+001,-1.22E+02
235000,3.33,52,2390,559,1120,518,3.7770000000000003e+001,-1.22E+02
254000,3.27,52,2160,458,872,445,3.7770000000000003e+001,-1.22E+02
352000,4.78,52,1570,315,637,297,3.7770000000000003e+001,-1.22E+02
275000,4.23,52,1700,371,663,340,3.7770000000000003e+001,-1.22E+02
405000,3.36,52,1210,168,411,172,3.7770000000000003e+001,-1.22E+02
228000,2.99,52,2100,444,915,413,3.7770000000000003e+001,-1.22E+02
234000,2.88,52,1850,479,921,477,3.7770000000000003e+001,-1.22E+02
163000,2.39,43,955,284,585,266,3.7770000000000003e+001,-1.22E+02
243000,2.98,43,4330,1110,2090,1050,3.7770000000000003e+001,-1.22E+02
274000,5.1,52,3010,542,1300,535,3.7759999999999998e+001,-1.22E+02
249000,4.15,52,1050,185,374,176,3.7759999999999998e+001,-1.22E+02
244000,3.48,52,2500,516,979,472,3.7759999999999998e+001,-1.22E+02
241000,2.68,52,1850,471,827,446,3.7759999999999998e+001,-1.22E+02
306000,5.75,52,1710,246,658,253,3.7759999999999998e+001,-1.22E+02
240000,3.96,50,1540,289,654,268,3.7750000000000000e+001,-1.22E+02
247000,4.95,45,891,155,384,146,3.7750000000000000e+001,-1.22E+02
287000,4.87,27,4050,753,1500,797,3.7750000000000000e+001,-1.22E+02
267000,3.07,52,2650,581,1130,522,3.7759999999999998e+001,-1.22E+02
230000,3.67,49,2430,525,1110,492,3.7759999999999998e+001,-1.22E+02
229000,4.61,52,2570,436,1120,415,3.7759999999999998e+001,-1.22E+02
228000,4.52,21,7030,1250,2930,1240,3.7729999999999997e+001,-1.22E+02
206000,4.46,25,1910,365,897,390,3.7740000000000002e+001,-1.22E+02
351000,7.61,5,18600,2890,7430,2720,3.7719999999999999e+001,-1.22E+02
231000,3.27,31,5790,1380,2970,1310,3.7729999999999997e+001,-1.22E+02
253000,3.57,52,2880,648,1340,632,3.7759999999999998e+001,-1.22E+02
354000,3.69,28,6910,1550,2970,1480,3.7740000000000002e+001,-1.22E+02
292000,4.77,23,5680,1270,2690,1150,3.7770000000000003e+001,-1.22E+02
100000,3.2,20,1160,365,583,326,3.7750000000000000e+001,-1.22E+02
342000,7.26,12,14300,2050,5780,2010,3.7770000000000003e+001,-1.22E+02
413000,7.06,5,3600,467,1740,512,3.7729999999999997e+001,-1.22E+02
249000,4.63,36,3540,570,1480,529,3.7710000000000001e+001,-1.22E+02
255000,5.3,40,1810,302,746,270,3.7710000000000001e+001,-1.22E+02
242000,4.98,36,2880,480,1240,455,3.7710000000000001e+001,-1.22E+02
295000,5.48,26,3200,477,1410,484,3.7719999999999999e+001,-1.22E+02
340000,6.19,31,3870,531,1370,521,3.7719999999999999e+001,-1.22E+02
275000,5.62,32,2480,368,1050,367,3.7719999999999999e+001,-1.22E+02
239000,5.46,35,2210,350,1000,365,3.7710000000000001e+001,-1.22E+02
266000,5.15,35,2660,387,1090,367,3.7710000000000001e+001,-1.22E+02
330000,5.84,30,2600,366,922,350,3.7719999999999999e+001,-1.22E+02
207000,4.65,36,4570,824,1950,819,3.7710000000000001e+001,-1.22E+02
209000,4.38,25,2970,622,1410,595,3.7700000000000003e+001,-1.22E+02
196000,3.72,30,3120,625,1440,568,3.7689999999999998e+001,-1.22E+02
254000,5.29,31,1840,282,749,269,3.7710000000000001e+001,-1.22E+02
242000,4.34,31,2050,336,867,329,3.7700000000000003e+001,-1.22E+02
253000,5.21,27,6740,1070,2720,1040,3.7710000000000001e+001,-1.22E+02
264000,6,30,1750,269,731,263,3.7700000000000003e+001,-1.22E+02
227000,5.05,38,1660,295,781,301,3.7710000000000001e+001,-1.22E+02
221000,4.82,38,3720,657,1780,652,3.7710000000000001e+001,-1.22E+02
259000,5.25,32,2720,447,1160,410,3.7700000000000003e+001,-1.22E+02
233000,4.13,39,1420,272,645,277,3.7700000000000003e+001,-1.22E+02
232000,4.6,37,1890,310,821,315,3.7700000000000003e+001,-1.22E+02
209000,3.52,33,3910,790,1910,770,3.7700000000000003e+001,-1.22E+02
223000,3,32,3400,736,1490,694,3.7700000000000003e+001,-1.22E+02
210000,3.49,25,3400,758,1650,710,3.7700000000000003e+001,-1.22E+02
208000,2.99,33,4410,1110,2240,1050,3.7700000000000003e+001,-1.22E+02
204000,2.54,29,2300,618,1020,552,3.7689999999999998e+001,-1.22E+02
196000,3.3,36,2350,499,1110,467,3.7689999999999998e+001,-1.22E+02
191000,3.1,31,5910,1310,3000,1300,3.7689999999999998e+001,-1.22E+02
181000,2.85,43,1580,324,740,284,3.7689999999999998e+001,-1.22E+02
185000,3.35,42,1410,274,629,244,3.7689999999999998e+001,-1.22E+02
191000,2.4,37,848,202,314,205,3.7680000000000000e+001,-1.22E+02
242000,3.53,15,3050,685,1480,668,3.7680000000000000e+001,-1.22E+02
188000,4.8,20,4300,817,1730,800,3.7689999999999998e+001,-1.22E+02
184000,3.85,52,2900,557,1340,550,3.7740000000000002e+001,-1.22E+02
204000,4.07,52,1070,201,440,192,3.7740000000000002e+001,-1.22E+02
252000,4.6,51,2620,403,922,393,3.7729999999999997e+001,-1.22E+02
188000,2.2,49,1490,316,611,288,3.7740000000000002e+001,-1.22E+02
198000,4.12,52,2260,416,994,412,3.7729999999999997e+001,-1.22E+02
219000,3.95,52,1390,223,545,230,3.7740000000000002e+001,-1.22E+02
275000,4.91,52,1030,129,317,143,3.7729999999999997e+001,-1.22E+02
245000,2.84,45,3760,819,1570,736,3.7729999999999997e+001,-1.22E+02
178000,3.25,46,2160,470,925,435,3.7729999999999997e+001,-1.22E+02
172000,2.83,49,1700,408,768,385,3.7729999999999997e+001,-1.22E+02
183000,3.72,52,1560,289,620,292,3.7729999999999997e+001,-1.22E+02
175000,2.56,52,1110,206,425,207,3.7729999999999997e+001,-1.22E+02
157000,3.8,45,1500,313,1000,305,3.7719999999999999e+001,-1.22E+02
158000,3.38,45,726,147,519,135,3.7710000000000001e+001,-1.22E+02
180000,3.24,38,890,200,481,198,3.7710000000000001e+001,-1.22E+02
206000,4.03,36,2640,533,1210,519,3.7700000000000003e+001,-1.22E+02
179000,3.39,35,2560,554,1400,525,3.7700000000000003e+001,-1.22E+02
263000,5.55,36,361,69,158,58,3.7710000000000001e+001,-1.22E+02
165000,3.37,42,3010,659,1820,664,3.7719999999999999e+001,-1.22E+02
160000,3.53,46,1370,284,766,289,3.7719999999999999e+001,-1.22E+02
158000,3.66,5,1690,398,814,328,3.7719999999999999e+001,-1.22E+02
145000,2.88,38,1010,245,618,239,3.7719999999999999e+001,-1.22E+02
166000,4.02,43,3780,814,2140,789,3.7719999999999999e+001,-1.22E+02
191000,4.56,37,1510,242,632,253,3.7710000000000001e+001,-1.22E+02
175000,3.46,36,666,132,366,134,3.7710000000000001e+001,-1.22E+02
138000,3.34,10,2230,601,877,485,3.7719999999999999e+001,-1.22E+02
142000,2.19,28,2220,587,830,573,3.7729999999999997e+001,-1.22E+02
211000,2.91,31,1620,372,739,379,3.7719999999999999e+001,-1.22E+02
198000,3.38,47,1190,251,540,266,3.7719999999999999e+001,-1.22E+02
157000,2.81,29,4170,1050,2020,962,3.7719999999999999e+001,-1.22E+02
265000,5,52,2020,320,823,334,3.7729999999999997e+001,-1.22E+02
218000,3.07,38,1720,394,711,353,3.7729999999999997e+001,-1.22E+02
235000,3.81,43,2260,390,931,368,3.7729999999999997e+001,-1.22E+02
342000,6.91,33,2000,268,686,270,3.7729999999999997e+001,-1.22E+02
367000,7.91,26,2860,394,1030,397,3.7719999999999999e+001,-1.22E+02
244000,3.84,35,2180,383,976,392,3.7719999999999999e+001,-1.22E+02
168000,4,35,1040,207,552,210,3.7710000000000001e+001,-1.22E+02
371000,6.51,25,1130,153,340,171,3.7719999999999999e+001,-1.22E+02
219000,3.52,39,786,132,288,132,3.7719999999999999e+001,-1.22E+02
203000,2.98,45,1400,253,555,248,3.7719999999999999e+001,-1.22E+02
186000,3.52,45,2320,451,1010,444,3.7719999999999999e+001,-1.22E+02
189000,3.11,44,1610,339,776,346,3.7710000000000001e+001,-1.22E+02
180000,3.58,44,1420,298,609,270,3.7710000000000001e+001,-1.22E+02
203000,3.17,18,5780,1530,2440,1350,3.7710000000000001e+001,-1.22E+02
182000,2.61,27,3090,866,1360,789,3.7710000000000001e+001,-1.22E+02
167000,3.69,18,3910,1010,2200,1040,3.7710000000000001e+001,-1.22E+02
184000,3.46,43,3050,557,1330,544,3.7700000000000003e+001,-1.22E+02
218000,3.9,19,3520,710,1810,703,3.7700000000000003e+001,-1.22E+02
192000,4.02,36,998,178,531,183,3.7710000000000001e+001,-1.22E+02
195000,3.55,36,1460,244,672,261,3.7700000000000003e+001,-1.22E+02
187000,4.59,17,1460,292,695,330,3.7700000000000003e+001,-1.22E+02
223000,2.63,21,4120,1050,2160,998,3.7700000000000003e+001,-1.22E+02
271000,3.4,17,2380,769,1220,643,3.7689999999999998e+001,-1.22E+02
194000,3.97,36,1270,228,606,239,3.7700000000000003e+001,-1.22E+02
190000,5,36,2240,391,1200,379,3.7700000000000003e+001,-1.22E+02
189000,4.47,38,1570,317,874,301,3.7689999999999998e+001,-1.22E+02
185000,3.66,38,1250,221,637,222,3.7689999999999998e+001,-1.22E+02
197000,3.89,36,1500,287,703,276,3.7689999999999998e+001,-1.22E+02
193000,3.46,36,1470,252,733,229,3.7700000000000003e+001,-1.22E+02
192000,3.78,36,1120,219,625,228,3.7689999999999998e+001,-1.22E+02
195000,2.99,36,1100,208,568,225,3.7700000000000003e+001,-1.22E+02
194000,4.44,36,1720,303,836,311,3.7700000000000003e+001,-1.22E+02
203000,4,24,1760,365,952,362,3.7700000000000003e+001,-1.22E+02
83300,2.39,16,1690,348,568,352,3.7680000000000000e+001,-1.22E+02
213000,4.76,24,2260,391,1130,366,3.7689999999999998e+001,-1.22E+02
188000,5.49,5,2090,407,840,401,3.7680000000000000e+001,-1.22E+02
206000,4.4,36,1480,278,796,283,3.7689999999999998e+001,-1.22E+02
193000,4.01,36,1550,273,863,267,3.7689999999999998e+001,-1.22E+02
205000,4.39,35,2630,447,1350,486,3.7680000000000000e+001,-1.22E+02
213000,4.28,30,2260,443,929,383,3.7680000000000000e+001,-1.22E+02
184000,5.13,39,1670,308,957,335,3.7689999999999998e+001,-1.22E+02
178000,3,37,2140,535,1090,555,3.7689999999999998e+001,-1.22E+02
219000,3.64,27,3340,613,1490,607,3.7680000000000000e+001,-1.22E+02
183000,2.8,31,3180,716,1560,628,3.7680000000000000e+001,-1.22E+02
157000,2.95,44,2340,500,1260,485,3.7689999999999998e+001,-1.22E+02
158000,3.44,30,1200,269,695,279,3.7689999999999998e+001,-1.22E+02
162000,2.88,34,1130,278,560,237,3.7689999999999998e+001,-1.22E+02
152000,3.03,38,1160,284,632,289,3.7710000000000001e+001,-1.22E+02
145000,2.68,41,3500,787,1850,750,3.7700000000000003e+001,-1.22E+02
180000,2.99,17,2490,617,1290,538,3.7700000000000003e+001,-1.22E+02
179000,4.1,35,2680,508,1580,536,3.7689999999999998e+001,-1.22E+02
160000,2.58,19,2500,635,1570,579,3.7700000000000003e+001,-1.22E+02
161000,2.16,23,1690,461,828,443,3.7700000000000003e+001,-1.22E+02
170000,2.33,29,1300,306,835,338,3.7700000000000003e+001,-1.22E+02
138000,2.42,19,2690,789,1770,724,3.7700000000000003e+001,-1.22E+02
178000,3.91,41,746,145,387,161,3.7689999999999998e+001,-1.22E+02
155000,2.65,37,2440,651,1560,618,3.7689999999999998e+001,-1.22E+02
161000,3.46,42,1470,310,768,309,3.7689999999999998e+001,-1.22E+02
167000,2.4,10,2230,560,1140,472,3.7689999999999998e+001,-1.22E+02
340000,6.5,20,200,25,83,31,3.7689999999999998e+001,-1.22E+02
431000,6.06,32,1280,194,485,171,3.7640000000000001e+001,-1.22E+02
301000,3.9,6,2450,590,1190,573,3.7630000000000003e+001,-1.22E+02
242000,4.78,21,1310,236,586,249,3.7630000000000003e+001,-1.22E+02
163000,3.28,5,3790,936,2240,792,3.7630000000000003e+001,-1.22E+02
299000,5.32,10,2030,357,867,352,3.7659999999999997e+001,-1.22E+02
316000,6.26,10,8300,1330,3830,1290,3.7649999999999999e+001,-1.22E+02
217000,5.17,23,7520,1280,3830,1290,3.7680000000000000e+001,-1.22E+02
218000,3.25,36,1820,426,1280,431,3.7680000000000000e+001,-1.22E+02
170000,3.18,30,5370,1210,2670,1050,3.7680000000000000e+001,-1.22E+02
275000,2.42,26,1170,370,253,137,3.7680000000000000e+001,-1.22E+02
184000,2.66,26,2610,682,1400,607,3.7680000000000000e+001,-1.22E+02
160000,0.964,29,493,168,233,152,3.7670000000000002e+001,-1.22E+02
175000,2.34,48,1250,305,673,308,3.7670000000000002e+001,-1.22E+02
198000,3.51,41,1380,353,704,314,3.7680000000000000e+001,-1.22E+02
150000,3.31,43,500,110,273,120,3.7689999999999998e+001,-1.22E+02
206000,2.4,29,2330,538,1120,540,3.7680000000000000e+001,-1.22E+02
170000,2.83,41,1830,463,1110,467,3.7680000000000000e+001,-1.22E+02
191000,2.52,43,1420,348,569,293,3.7680000000000000e+001,-1.22E+02
197000,3.4,37,1350,342,691,324,3.7680000000000000e+001,-1.22E+02
174000,2.54,37,2120,503,1110,448,3.7680000000000000e+001,-1.22E+02
170000,2.58,37,1980,481,1200,465,3.7680000000000000e+001,-1.22E+02
181000,3.1,38,1780,413,1060,400,3.7680000000000000e+001,-1.22E+02
151000,2.96,34,3660,897,2480,903,3.7670000000000002e+001,-1.22E+02
167000,3.13,31,1890,428,1160,389,3.7680000000000000e+001,-1.22E+02
149000,2.95,35,1960,484,1150,448,3.7680000000000000e+001,-1.22E+02
196000,4.38,40,1550,253,724,267,3.7680000000000000e+001,-1.22E+02
191000,4.04,37,2410,394,975,375,3.7680000000000000e+001,-1.22E+02
188000,3.8,36,2110,389,952,370,3.7670000000000002e+001,-1.22E+02
181000,3.48,45,2180,401,1160,399,3.7680000000000000e+001,-1.22E+02
183000,4.06,45,2460,445,1130,422,3.7680000000000000e+001,-1.22E+02
179000,4.2,44,2150,399,1180,401,3.7680000000000000e+001,-1.22E+02
179000,3.6,43,1680,340,924,328,3.7680000000000000e+001,-1.22E+02
210000,4.27,35,2980,518,1420,538,3.7680000000000000e+001,-1.22E+02
192000,4.24,34,3040,533,1370,500,3.7670000000000002e+001,-1.22E+02
198000,5.58,35,2470,398,1170,390,3.7670000000000002e+001,-1.22E+02
196000,4.07,36,1490,249,641,243,3.7670000000000002e+001,-1.22E+02
182000,3.17,38,2010,347,880,332,3.7670000000000002e+001,-1.22E+02
187000,4.79,37,3340,569,1640,557,3.7670000000000002e+001,-1.22E+02
188000,4.81,37,3160,534,1500,543,3.7670000000000002e+001,-1.22E+02
184000,3.87,40,1750,318,914,317,3.7670000000000002e+001,-1.22E+02
185000,3.94,33,3430,681,1800,694,3.7670000000000002e+001,-1.22E+02
180000,3.24,42,3590,703,1630,665,3.7670000000000002e+001,-1.22E+02
167000,3.09,38,1040,247,599,224,3.7670000000000002e+001,-1.22E+02
165000,3.06,32,3030,811,2040,703,3.7670000000000002e+001,-1.22E+02
154000,2.7,33,2430,655,1850,603,3.7670000000000002e+001,-1.22E+02
154000,3.11,39,2070,500,1410,478,3.7670000000000002e+001,-1.22E+02
135000,3.47,40,1340,313,766,271,3.7659999999999997e+001,-1.22E+02
158000,2.22,39,1160,259,725,274,3.7659999999999997e+001,-1.22E+02
241000,6.11,32,2020,318,1020,340,3.7680000000000000e+001,-1.22E+02
181000,4.27,22,3880,816,1830,743,3.7670000000000002e+001,-1.22E+02
231000,3.25,27,3240,671,1470,616,3.7670000000000002e+001,-1.22E+02
211000,3.24,28,2930,739,1200,624,3.7670000000000002e+001,-1.22E+02
165000,3.88,38,2100,409,1040,394,3.7670000000000002e+001,-1.22E+02
254000,6.05,29,1690,251,690,242,3.7670000000000002e+001,-1.22E+02
333000,6.82,18,3000,419,1160,415,3.7670000000000002e+001,-1.22E+02
350000,6.35,23,2420,348,1070,384,3.7659999999999997e+001,-1.22E+02
161000,2.67,28,2280,610,1260,587,3.7659999999999997e+001,-1.22E+02
179000,3.88,21,5030,1170,2460,1040,3.7659999999999997e+001,-1.22E+02
154000,2.56,33,1550,372,1060,356,3.7659999999999997e+001,-1.22E+02
162000,3.02,31,3300,790,2180,740,3.7649999999999999e+001,-1.22E+02
162000,2.77,17,5020,1440,3070,1300,3.7649999999999999e+001,-1.22E+02
165000,3.68,35,1810,393,1090,374,3.7649999999999999e+001,-1.22E+02
167000,2.14,37,2000,436,1350,437,3.7659999999999997e+001,-1.22E+02
150000,3.73,37,901,191,599,206,3.7659999999999997e+001,-1.22E+02
162000,3.88,35,686,142,480,149,3.7659999999999997e+001,-1.22E+02
153000,3.05,33,1950,464,1290,448,3.7659999999999997e+001,-1.22E+02
195000,2.82,27,2630,722,1410,634,3.7649999999999999e+001,-1.22E+02
191000,4.39,35,1130,192,543,184,3.7649999999999999e+001,-1.22E+02
194000,4.71,35,1180,200,572,194,3.7649999999999999e+001,-1.22E+02
201000,4.69,34,656,115,342,112,3.7659999999999997e+001,-1.22E+02
150000,3.21,29,2540,643,2330,603,3.7659999999999997e+001,-1.22E+02
185000,4.28,36,1310,225,768,234,3.7659999999999997e+001,-1.22E+02
173000,4.13,36,1760,316,913,299,3.7659999999999997e+001,-1.22E+02
174000,3.09,35,2840,652,1730,643,3.7659999999999997e+001,-1.22E+02
194000,4.54,25,2540,494,1190,501,3.7649999999999999e+001,-1.22E+02
207000,4.66,28,1780,311,735,278,3.7640000000000001e+001,-1.22E+02
205000,4.44,31,1800,327,796,319,3.7649999999999999e+001,-1.22E+02
175000,4.53,36,410,76,252,82,3.7649999999999999e+001,-1.22E+02
138000,2.38,26,162,27,86,25,3.7649999999999999e+001,-1.22E+02
187000,3.82,18,9960,2030,5610,1950,3.7630000000000003e+001,-1.22E+02
174000,4.53,35,2360,458,1730,467,3.7609999999999999e+001,-1.22E+02
163000,4.35,19,862,167,407,183,3.7659999999999997e+001,-1.22E+02
332000,3.49,18,4340,808,2040,734,3.7649999999999999e+001,-1.22E+02
198000,5.23,31,1490,280,854,301,3.7640000000000001e+001,-1.22E+02
198000,3.67,8,3590,849,1910,746,3.7640000000000001e+001,-1.22E+02
228000,3.89,40,432,102,264,77,3.7640000000000001e+001,-1.22E+02
190000,3.92,34,1460,242,735,249,3.7630000000000003e+001,-1.22E+02
184000,3.91,32,1580,284,836,292,3.7640000000000001e+001,-1.22E+02
181000,3.79,29,2170,435,1380,408,3.7630000000000003e+001,-1.22E+02
172000,3.8,36,1340,245,789,248,3.7640000000000001e+001,-1.22E+02
178000,5.73,36,1120,199,662,226,3.7640000000000001e+001,-1.22E+02
173000,4.11,36,1890,307,853,271,3.7640000000000001e+001,-1.22E+02
173000,5.28,36,1180,212,664,200,3.7640000000000001e+001,-1.22E+02
182000,3.35,30,5270,1250,4070,1110,3.7640000000000001e+001,-1.22E+02
180000,3.14,23,1900,440,1110,418,3.7640000000000001e+001,-1.22E+02
176000,3.76,31,767,171,548,185,3.7630000000000003e+001,-1.22E+02
193000,4.25,33,691,127,431,149,3.7630000000000003e+001,-1.22E+02
183000,3.93,36,786,133,463,160,3.7640000000000001e+001,-1.22E+02
135000,2.52,22,5860,1520,5440,1460,3.7640000000000001e+001,-1.22E+02
158000,2.48,27,2780,723,2030,693,3.7630000000000003e+001,-1.22E+02
191000,4.71,25,4520,860,2430,862,3.7640000000000001e+001,-1.22E+02
158000,4.17,37,1470,304,1040,282,3.7640000000000001e+001,-1.22E+02
350000,3.55,20,1660,450,857,430,3.7640000000000001e+001,-1.22E+02
158000,3.8,33,1230,286,848,291,3.7649999999999999e+001,-1.22E+02
146000,3.83,33,1160,252,729,220,3.7640000000000001e+001,-1.22E+02
227000,3.23,33,952,172,369,159,3.7630000000000003e+001,-1.22E+02
199000,4.71,35,2070,352,1000,350,3.7619999999999997e+001,-1.22E+02
221000,4.25,32,2960,547,1470,527,3.7619999999999997e+001,-1.22E+02
209000,6.4,35,1030,173,453,176,3.7619999999999997e+001,-1.22E+02
204000,3.81,35,657,118,328,134,3.7619999999999997e+001,-1.22E+02
193000,3.29,32,1540,324,793,302,3.7619999999999997e+001,-1.22E+02
210000,3.89,35,1300,236,632,204,3.7619999999999997e+001,-1.22E+02
165000,3.73,36,1410,271,1000,281,3.7609999999999999e+001,-1.22E+02
161000,4.01,37,1380,259,808,241,3.7609999999999999e+001,-1.22E+02
187000,4.17,36,1150,216,727,215,3.7609999999999999e+001,-1.22E+02
190000,4.29,35,899,179,455,185,3.7619999999999997e+001,-1.22E+02
157000,3.65,37,1790,364,1530,346,3.7630000000000003e+001,-1.22E+02
157000,2.69,17,2490,518,1140,550,3.7619999999999997e+001,-1.22E+02
168000,3.73,35,1930,376,1180,337,3.7630000000000003e+001,-1.22E+02
178000,4.59,24,2330,465,1400,453,3.7630000000000003e+001,-1.22E+02
209000,3.86,12,6710,1370,3390,1290,3.7630000000000003e+001,-1.22E+02
169000,3.36,23,1940,356,841,364,3.7630000000000003e+001,-1.22E+02
164000,2.9,16,1640,346,705,351,3.7609999999999999e+001,-1.22E+02
165000,4.03,34,1620,293,1150,310,3.7630000000000003e+001,-1.22E+02
157000,4.07,35,517,108,391,107,3.7630000000000003e+001,-1.22E+02
169000,5.36,36,1570,274,992,249,3.7630000000000003e+001,-1.22E+02
174000,4.7,35,1210,221,790,243,3.7630000000000003e+001,-1.22E+02
207000,5.64,27,1830,309,1020,313,3.7619999999999997e+001,-1.22E+02
204000,3.79,26,2260,443,1040,395,3.7609999999999999e+001,-1.22E+02
217000,4.65,9,3670,711,2340,703,3.7609999999999999e+001,-1.22E+02
160000,3.69,36,1630,345,1380,338,3.7600000000000001e+001,-1.22E+02
160000,2.65,31,2160,522,1860,437,3.7600000000000001e+001,-1.22E+02
154000,3.5,32,1300,280,1160,300,3.7600000000000001e+001,-1.22E+02
150000,3.24,32,1300,295,1100,328,3.7600000000000001e+001,-1.22E+02
189000,5.1,33,1520,302,831,268,3.7609999999999999e+001,-1.22E+02
239000,4.39,17,3310,638,1870,602,3.7600000000000001e+001,-1.22E+02
235000,4.63,22,3010,497,1640,514,3.7600000000000001e+001,-1.22E+02
261000,5.04,6,2610,474,1570,433,3.7609999999999999e+001,-1.22E+02
234000,5.87,17,5160,832,3170,817,3.7600000000000001e+001,-1.22E+02
232000,5.32,18,1730,276,1190,310,3.7600000000000001e+001,-1.22E+02
156000,4.24,16,1820,365,1370,355,3.7590000000000003e+001,-1.22E+02
222000,4.83,13,2580,551,1680,528,3.7590000000000003e+001,-1.22E+02
254000,5.52,15,2580,418,1660,410,3.7579999999999998e+001,-1.22E+02
244000,6.51,16,1640,251,1030,267,3.7579999999999998e+001,-1.22E+02
247000,6.07,16,1610,240,1120,268,3.7579999999999998e+001,-1.22E+02
237000,6.01,16,3350,544,2000,488,3.7579999999999998e+001,-1.22E+02
151000,4.62,15,3480,686,2570,653,3.7590000000000003e+001,-1.22E+02
214000,5.22,16,1890,338,1460,344,3.7579999999999998e+001,-1.22E+02
244000,5.34,14,1730,302,1120,273,3.7590000000000003e+001,-1.22E+02
213000,3.75,15,6240,1270,3160,1270,3.7590000000000003e+001,-1.22E+02
215000,4.57,24,2080,383,1490,389,3.7600000000000001e+001,-1.22E+02
213000,3.69,18,1170,333,855,319,3.7590000000000003e+001,-1.22E+02
256000,4.68,16,4370,889,2530,817,3.7590000000000003e+001,-1.22E+02
238000,2.88,2,838,295,240,149,3.7590000000000003e+001,-1.22E+02
178000,3.36,15,3050,760,2100,728,3.7579999999999998e+001,-1.22E+02
232000,5.76,17,4310,717,2630,721,3.7579999999999998e+001,-1.22E+02
148000,2.97,36,385,94,295,92,3.7600000000000001e+001,-1.22E+02
192000,3.9,10,3050,678,2060,628,3.7600000000000001e+001,-1.22E+02
248000,4.61,21,4340,783,2170,789,3.7570000000000000e+001,-1.22E+02
284000,5.72,15,3580,597,1780,559,3.7579999999999998e+001,-1.22E+02
217000,3.68,20,4130,1030,2080,975,3.7579999999999998e+001,-1.22E+02
283000,6.21,31,2880,478,1280,485,3.7579999999999998e+001,-1.22E+02
296000,5.82,6,4410,717,2070,688,3.7579999999999998e+001,-1.22E+02
282000,5.83,14,16200,2990,8120,2850,3.7570000000000000e+001,-1.22E+02
270000,5.63,14,14900,2710,8010,2610,3.7579999999999998e+001,-1.22E+02
231000,5.29,12,5720,1060,3440,1060,3.7570000000000000e+001,-1.22E+02
318000,6.56,8,8650,1410,5020,1380,3.7570000000000000e+001,-1.22E+02
253000,5.68,15,8110,1380,4580,1350,3.7579999999999998e+001,-1.22E+02
278000,6.1,7,10600,1820,6080,1800,3.7570000000000000e+001,-1.22E+02
300000,3.57,5,1150,311,648,245,3.7490000000000002e+001,-1.22E+02
274000,6.08,3,14000,2860,7210,2750,3.7520000000000003e+001,-1.22E+02
223000,4.36,23,4330,857,2460,829,3.7560000000000002e+001,-1.22E+02
215000,5.57,35,1720,312,914,316,3.7560000000000002e+001,-1.22E+02
220000,4.9,31,4980,964,2840,924,3.7560000000000002e+001,-1.22E+02
240000,4.7,24,8440,1490,4450,1490,3.7560000000000002e+001,-1.22E+02
158000,4.43,6,3030,778,1530,736,3.7560000000000002e+001,-1.22E+02
224000,3.3,26,2070,532,1430,495,3.7549999999999997e+001,-1.22E+02
177000,4.57,33,1330,274,909,267,3.7549999999999997e+001,-1.22E+02
216000,3.82,24,2560,485,1170,501,3.7560000000000002e+001,-1.22E+02
270000,5,18,5510,1010,2640,971,3.7560000000000002e+001,-1.22E+02
231000,4.34,20,6460,1290,3290,1240,3.7560000000000002e+001,-1.22E+02
163000,4.14,4,3750,993,1610,838,3.7549999999999997e+001,-1.22E+02
254000,4.81,13,8920,1820,4520,1770,3.7560000000000002e+001,-1.22E+02
196000,4.63,31,1950,344,986,322,3.7539999999999999e+001,-1.22E+02
189000,3.17,17,4920,1250,3080,1180,3.7549999999999997e+001,-1.22E+02
221000,3.13,17,5130,1380,3390,1340,3.7539999999999999e+001,-1.22E+02
214000,2.91,16,6650,2100,4650,1900,3.7549999999999997e+001,-1.22E+02
443000,8.4,15,5670,748,2410,714,3.7560000000000002e+001,-1.22E+02
333000,6.65,21,10700,1540,4550,1520,3.7549999999999997e+001,-1.22E+02
352000,6.63,25,1350,192,596,220,3.7539999999999999e+001,-1.22E+02
305000,6.22,27,3720,526,1630,538,3.7539999999999999e+001,-1.22E+02
260000,5.76,33,2100,342,941,304,3.7530000000000001e+001,-1.22E+02
249000,4.66,29,3520,645,1720,585,3.7539999999999999e+001,-1.22E+02
356000,6.76,31,2540,382,1070,410,3.7539999999999999e+001,-1.22E+02
236000,3.99,14,5110,1210,2740,1110,3.7539999999999999e+001,-1.22E+02
219000,4.3,23,2220,475,1280,492,3.7530000000000001e+001,-1.22E+02
228000,4.96,28,2950,529,1540,545,3.7530000000000001e+001,-1.22E+02
236000,2.62,18,2380,652,1250,586,3.7530000000000001e+001,-1.22E+02
203000,4.71,28,2310,496,1340,467,3.7539999999999999e+001,-1.22E+02
197000,4.75,35,2280,420,1350,413,3.7530000000000001e+001,-1.22E+02
236000,5.43,26,2510,387,1270,406,3.7530000000000001e+001,-1.22E+02
223000,4.6,28,2830,566,1610,540,3.7530000000000001e+001,-1.22E+02
223000,4.19,26,3180,703,2140,639,3.7530000000000001e+001,-1.22E+02
225000,5.39,26,2330,371,1290,404,3.7539999999999999e+001,-1.22E+02
240000,3.94,18,3580,715,1670,661,3.7539999999999999e+001,-1.22E+02
228000,5.33,28,3050,507,1770,516,3.7539999999999999e+001,-1.22E+02
269000,4.84,28,2410,415,1110,453,3.7549999999999997e+001,-1.22E+02
275000,5.16,29,4130,744,2020,749,3.7539999999999999e+001,-1.22E+02
256000,4.92,34,2790,495,1280,468,3.7549999999999997e+001,-1.22E+02
332000,4.16,27,6100,1250,3030,1130,3.7549999999999997e+001,-1.22E+02
288000,5,32,2570,406,1130,395,3.7539999999999999e+001,-1.22E+02
299000,5.83,26,1910,371,852,357,3.7539999999999999e+001,-1.22E+02
288000,5.71,27,1890,303,889,314,3.7530000000000001e+001,-1.22E+02
222000,5.04,25,5410,939,2830,923,3.7530000000000001e+001,-1.22E+02
233000,4.53,26,3760,623,1780,613,3.7520000000000003e+001,-1.22E+02
258000,5.44,25,3330,511,1670,504,3.7509999999999998e+001,-1.22E+02
231000,5.08,23,4930,948,2530,894,3.7520000000000003e+001,-1.22E+02
197000,5.23,33,3990,764,2720,763,3.7520000000000003e+001,-1.22E+02
224000,4.41,22,5810,1130,3220,1090,3.7509999999999998e+001,-1.22E+02
224000,5.24,26,4210,741,2350,734,3.7520000000000003e+001,-1.22E+02
244000,4.75,27,5530,973,2860,960,3.7530000000000001e+001,-1.22E+02
451000,8.4,7,28300,3860,12200,3700,3.7530000000000001e+001,-1.22E+02
500000,9.72,9,4910,577,1980,591,3.7490000000000002e+001,-1.22E+02
193000,5.16,10,7440,1590,3570,1470,3.7490000000000002e+001,-1.22E+02
264000,5.38,23,4310,676,1970,623,3.7479999999999997e+001,-1.22E+02
247000,6.09,26,2020,322,1110,357,3.7469999999999999e+001,-1.22E+02
337000,6.87,13,5380,744,2760,760,3.7469999999999999e+001,-1.22E+02
285000,6.99,22,9170,1370,4320,1400,3.7549999999999997e+001,-1.22E+02
217000,4.91,26,3090,532,1600,483,3.7549999999999997e+001,-1.22E+02
292000,4.44,23,3170,532,1450,515,3.7549999999999997e+001,-1.22E+02
224000,4.95,26,2150,369,1290,377,3.7539999999999999e+001,-1.22E+02
223000,5.29,25,4210,731,2570,703,3.7539999999999999e+001,-1.22E+02
211000,5.13,23,4250,835,2360,823,3.7549999999999997e+001,-1.22E+02
219000,3.97,25,4460,922,3000,890,3.7530000000000001e+001,-1.22E+02
156000,3.17,17,407,97,307,100,3.7500000000000000e+001,-1.22E+02
248000,5.08,20,6480,1070,3530,1060,3.7539999999999999e+001,-1.22E+02
186000,4.82,35,1870,343,1210,338,3.7539999999999999e+001,-1.22E+02
178000,4.14,6,2920,672,1910,639,3.7539999999999999e+001,-1.22E+02
190000,3.74,34,2320,478,1520,467,3.7530000000000001e+001,-1.22E+02
210000,3.54,31,1240,264,719,236,3.7539999999999999e+001,-1.22E+02
208000,5.07,16,4460,856,3040,870,3.7539999999999999e+001,-1.22E+02
183000,3.26,18,1750,437,1270,404,3.7530000000000001e+001,-1.22E+02
246000,6.07,19,4570,712,2350,709,3.7530000000000001e+001,-1.22E+02
242000,5.71,21,4280,673,2220,681,3.7530000000000001e+001,-1.22E+02
182000,4.99,7,6350,1390,3220,1320,3.7509999999999998e+001,-1.22E+02
299000,5.14,4,7480,1580,2940,1510,3.7719999999999999e+001,-1.22E+02
220000,5.35,22,4640,716,2300,687,3.7719999999999999e+001,-1.22E+02
232000,5.72,25,4380,668,2040,671,3.7710000000000001e+001,-1.22E+02
221000,4.47,26,3820,637,1940,642,3.7719999999999999e+001,-1.22E+02
214000,4.91,26,2810,459,1450,444,3.7719999999999999e+001,-1.22E+02
206000,4.23,26,4820,845,2290,805,3.7710000000000001e+001,-1.22E+02
271000,5.01,15,6470,1030,2480,970,3.7710000000000001e+001,-1.22E+02
337000,7.25,6,8070,1050,3390,1060,3.7710000000000001e+001,-1.22E+02
316000,5.14,46,1280,209,512,208,3.7640000000000001e+001,-1.22E+02
500000,8.33,24,3170,424,1080,400,3.7659999999999997e+001,-1.22E+02
285000,7.32,13,3740,555,1590,559,3.7689999999999998e+001,-1.22E+02
323000,6.5,18,7400,1140,3130,1120,3.7659999999999997e+001,-1.22E+02
292000,7.22,23,1660,223,706,219,3.7680000000000000e+001,-1.22E+02
226000,4.41,3,2460,582,793,456,3.7700000000000003e+001,-1.22E+02
260000,5.93,23,2180,308,926,299,3.7689999999999998e+001,-1.22E+02
263000,6.18,20,1800,254,831,260,3.7680000000000000e+001,-1.22E+02
257000,5.82,18,3630,547,1700,520,3.7680000000000000e+001,-1.22E+02
259000,6.31,18,2880,423,1400,427,3.7689999999999998e+001,-1.22E+02
340000,6.34,12,7490,1210,3330,1140,3.7680000000000000e+001,-1.22E+02
337000,7.33,23,2230,270,854,286,3.7680000000000000e+001,-1.22E+02
334000,6.29,22,1900,239,734,245,3.7680000000000000e+001,-1.22E+02
312000,6.52,16,4070,624,1540,577,3.7670000000000002e+001,-1.22E+02
297000,6.45,25,2240,301,937,324,3.7670000000000002e+001,-1.22E+02
248000,6.06,20,2950,471,1180,474,3.7670000000000002e+001,-1.22E+02
300000,6.53,19,2030,288,852,295,3.7670000000000002e+001,-1.22E+02
332000,7.26,15,2130,273,876,285,3.7670000000000002e+001,-1.22E+02
390000,7.44,7,9540,1290,3930,1230,3.7670000000000002e+001,-1.22E+02
233000,3.11,29,2700,680,1360,642,3.7659999999999997e+001,-1.22E+02
239000,2.49,39,522,116,161,102,3.7659999999999997e+001,-1.22E+02
233000,5.07,52,775,134,315,123,3.7659999999999997e+001,-1.22E+02
231000,2.12,3,1570,464,769,461,3.7659999999999997e+001,-1.22E+02
476000,11,20,1310,184,514,172,3.7640000000000001e+001,-1.22E+02
393000,7.07,13,5520,833,2440,825,3.7570000000000000e+001,-1.22E+02
247000,5.5,10,4340,800,1810,743,3.7670000000000002e+001,-1.22E+02
229000,4.99,28,1810,294,853,278,3.7670000000000002e+001,-1.22E+02
283000,6.81,4,4720,741,1900,742,3.7680000000000000e+001,-1.22E+02
301000,5.64,14,4240,701,1830,663,3.7659999999999997e+001,-1.22E+02
293000,4.16,22,3630,664,1700,640,3.7659999999999997e+001,-1.22E+02
279000,5.75,27,1570,242,583,214,3.7659999999999997e+001,-1.22E+02
353000,5.64,13,13200,2070,4850,1950,3.7659999999999997e+001,-1.22E+02
400000,10.3,43,228,40,83,42,3.7719999999999999e+001,-1.22E+02
375000,4.35,47,127,23,51,21,3.7729999999999997e+001,-1.22E+02
314000,6.68,13,9620,1340,4390,1390,3.7700000000000003e+001,-1.22E+02
139000,3.62,4,6160,1510,2650,1240,3.7689999999999998e+001,-1.22E+02
328000,7.36,16,4290,554,1950,576,3.7649999999999999e+001,-1.22E+02
431000,5.72,26,1790,306,771,279,3.7609999999999999e+001,-1.22E+02
125000,4.21,32,404,74,144,58,3.7770000000000003e+001,-1.22E+02
450000,6.1,17,1670,352,729,252,3.7700000000000003e+001,-1.22E+02
200000,3.99,12,5610,1050,2600,1070,3.7710000000000001e+001,-1.22E+02
192000,4.86,11,12100,2220,5830,2130,3.7710000000000001e+001,-1.22E+02
419000,9.15,25,494,81,254,85,3.7740000000000002e+001,-1.22E+02
217000,4.74,22,5530,943,2470,910,3.7700000000000003e+001,-1.22E+02
