AirlineName,0,1,2,3,4,5,6,7,8,9,10,11,12,13,14,15,16,17,18,19,20,21,22,23,24,25,26,27,28,29,30,31,32,33,34,35,36,37,38,39,40,41,42,43,44,45,46,47,48,49
Airline Name_Aer Lingus,-0.018625423,0.09301329,0.0034327481,-0.061191425,-0.018615896,-0.021210603,0.014008927,-0.05311639,0.039844044,0.0049278084,-0.026045626,0.0003766843,-0.013226702,0.026375707,0.029731298,0.03378847,-0.033482373,-0.014056556,0.038827695,-0.014437656,0.032937787,0.040559944,0.028224124,-0.01713232,0.06403798,-0.0446549,-0.0024656318,0.053567633,0.042822767,-0.019193357,0.047635693,0.003987091,0.040149793,-0.040343978,-0.033211682,-0.0020905118,-0.03095676,0.03223381,-0.010892846,-0.03011252,-0.0483827,0.017440075,0.010437949,0.012619855,-0.009691182,-0.03777782,0.021823887,0.07101872,0.047382448,0.03392757
Airline Name_Aero Flot,-0.13792117,0.2188058,-0.027563758,0.13260493,-0.24324515,0.45944184,0.08299486,0.24508412,-0.30758864,-0.056160823,0.24925222,-0.38916335,0.032597728,0.39178827,0.18754764,-0.008485966,-0.2443722,0.152997,-0.53372294,0.09311956,0.20409158,-0.28264695,0.024509838,-0.06403089,-0.2686477,-0.66344076,-0.04307218,0.119119875,0.4375046,0.1529666,-0.11124046,-0.6348762,-0.44783378,-0.013924381,0.6477386,-0.13723019,-0.11827351,-0.01826576,-0.3574116,0.4966603,0.3050782,-0.028922241,0.41139302,-0.3446869,0.07238892,0.14659578,0.011902428,-0.21061502,0.0084695,-0.16473702
Airline Name_Aero Lineas Mexicanas J S S A De C V,-0.010940123,-0.016928364,-0.0070971735,0.02921952,-0.0023799054,0.049035612,-0.016003978,0.026982311,-0.010735918,0.049173955,0.016652118,-0.0028180256,-0.04815668,0.035154406,0.028876197,-0.046508502,0.0130933635,-0.0155195,-0.037603676,0.00054966286,-0.03825786,0.0017108321,-0.022370398,0.018067446,0.033353996,-0.046517838,-0.0011153929,0.026233222,-0.0132351145,-0.049144592,-0.012517177,-0.027076412,0.041639064,0.047073577,0.029396597,0.042538237,-0.04902166,-0.013821125,0.040990654,-0.049997903,0.04928683,-0.04192109,-0.009934761,-0.017606188,-0.007408619,0.027779732,-0.03928982,0.024948154,-0.0005103238,0.009166479
Airline Name_Aero Mexico,0.023530196,0.003225945,-0.024363374,0.024280105,-0.038019918,-0.01736486,-0.046851445,0.0469341,-0.032438353,-0.0061353333,0.04241282,-0.033197895,-0.039277304,-0.041422226,0.03254432,0.025270533,0.04675902,0.017392192,-0.029354667,0.010563634,0.02697308,0.005233906,0.035883393,-0.04342537,-0.046573438,0.005377244,0.022162747,0.015646424,-0.026494015,-0.01857103,-0.038527895,0.014998745,0.018056009,0.02583206,0.013479341,-0.018819464,-0.0157529,0.0068230517,-0.035726845,0.00054303557,0.027833197,0.037972655,-0.006240178,-0.019819105,0.014977861,0.025338698,-0.0021070726,0.008941304,-0.031238163,0.03953806
Airline Name_Aerolineas Argentinas,-0.031321324,0.010479797,-0.048609998,-0.019387782,-0.033580005,-0.008467626,0.041091952,0.023821566,0.03933909,0.018953,-0.046957206,0.021283928,-5.178526e-05,0.009008251,0.020986978,-0.0075323693,0.01715343,0.047009613,-0.04660801,-0.043041825,-0.036780037,-0.013280295,-0.04859226,-0.023894394,0.02385601,-0.030574156,-0.026734997,0.023194525,-0.010870863,-0.02819568,-0.023700727,-0.0328094,0.019297723,-0.0044762865,-0.041567065,0.0056595206,0.041695405,0.016574208,-0.0063971505,-0.03996421,-0.025299026,-0.0038552284,0.039080095,0.0013582483,-0.018769836,0.0042819604,0.009122051,0.036805797,0.04556003,0.016540203
Airline Name_Air Aruba,-0.03262826,-0.0012252443,-0.0403,0.042578485,0.04220693,0.046993364,-0.011887383,-0.0070225224,-0.013123155,0.028886687,0.022027705,-0.014347814,-0.028451502,0.025883581,-0.024140848,-0.0355543,-0.0042696595,0.020911243,0.011351168,0.024604682,0.016050074,-0.048782993,0.008138396,-0.011904705,0.04292989,0.030969147,-0.016666971,-0.022739852,0.012290668,-0.02177552,-0.014092755,-0.03312452,0.028135505,0.04584315,-0.028035784,-0.0045220032,0.033383194,0.03728595,0.047026087,0.0027122386,0.019138146,0.012077928,0.02219114,0.011754513,-0.0014559254,0.044781137,-0.044257905,-0.0147983655,0.008181013,-0.034969307
Airline Name_Air Berlin,-0.026461577,-0.03567177,0.024090853,0.029884342,0.046378877,0.045641784,0.03571545,-0.039290678,-0.02318561,0.018775392,0.041554723,-0.012783099,0.036108244,-0.0416623,0.007817794,-0.016418148,0.02502698,-0.029322816,-0.015191935,0.038544346,-0.033998776,0.045039725,-0.016356528,0.04323281,0.048598062,-0.04486854,0.005740773,-0.043215312,0.030562852,-0.047461953,-0.0047114715,-0.027972842,0.014612626,0.03423507,-0.011205055,-0.009571027,-0.028216695,-0.04914124,-0.033603884,0.011074234,-0.010927878,0.028781544,0.026921246,0.007842481,-0.027641607,0.0041413307,-0.019964457,0.02185059,-0.041944064,0.046748344
Airline Name_Air Canada,0.020949844,0.026101533,0.047661234,-0.04868665,-0.037641894,0.018206704,-0.034865618,0.0298681,0.036409546,-0.030680835,0.020800892,-0.00045981258,-0.028224004,-0.046975423,0.035791386,-0.011861168,0.032334533,0.04183856,-0.043213736,-0.022716153,-0.03222318,0.01614407,-0.0005960837,-0.04499295,-0.014600001,-0.009261467,-0.013399459,0.04230659,0.030250657,0.027679991,-0.0067540295,0.028992955,0.0010788925,0.039613847,0.016771745,-0.043863166,-0.008831583,-0.04070189,0.008252285,-0.0003996715,0.01815674,0.022020306,-0.047436822,0.040345196,0.018088963,-0.0031180978,-0.038252544,0.008427881,0.04732058,-0.010056902
Airline Name_Air China,-0.004324544,-0.0403924,0.04727036,0.009601235,-0.002441965,0.042137254,-0.013658691,0.029991414,-0.04650718,-0.04662056,-0.0034512877,0.023602996,0.038163815,-0.03968767,0.012713019,-0.009045005,0.037434828,0.007489037,0.037518505,-0.010664381,-0.026665224,0.018391538,0.036417294,0.039878044,-0.00465443,0.036775414,-0.024019778,-0.034024715,-0.038053907,-0.041237105,0.020056974,-0.0446949,0.017119598,0.047626827,-0.026351774,-0.02217306,-0.008394815,-0.042431213,-0.004358601,0.018935446,-0.030123938,-0.012356173,0.03365637,-0.028451491,-0.04919511,0.01995628,0.03525077,0.04197843,-0.0042470098,0.01859745
Airline Name_Air Europa,0.02957369,0.004851721,-0.027588809,-0.011698376,0.036714938,-0.011710525,-0.043460168,0.009352982,0.045068394,-0.034796834,0.04580984,0.017438415,0.04512972,-0.029534115,0.03661528,-0.030303825,0.038340557,0.039350677,-0.0066210255,0.026163701,-0.012180246,0.009540319,0.0108448975,-0.043992817,-0.009947799,0.019846272,0.030350495,-0.005764436,0.015092719,0.006475877,0.03898697,0.047120992,-0.04880747,-0.0044012554,0.042348687,-0.040174007,0.043830957,0.022250775,0.030299012,0.02300587,0.0012966171,-0.045934476,-0.037958574,0.04418199,0.0041401163,0.045664933,0.016473543,0.029309537,-0.027197052,0.02359334
Airline Name_Air France,0.0169104,0.000254035,0.034476507,0.0051842816,0.031342987,0.047262553,0.009707831,0.03979454,0.0035214908,0.030373503,-0.007710062,-0.01746992,0.03970505,-0.02071358,-0.037955355,0.035625722,0.021506917,0.00024142116,0.026817326,-0.04228288,0.0439845,-0.04089888,0.018715966,-0.046837654,-0.018565346,-0.030692602,-0.025534285,-0.016147852,-0.03878702,-0.00023503229,-0.021612251,-0.046843316,0.011226572,0.026257101,-0.04166738,0.044282388,-0.024740446,-0.024313057,0.019930076,0.049617838,-0.022178376,0.025499176,-0.011838507,-0.023196911,0.0049118176,0.022336934,0.03445648,-0.01196314,-0.0429258,-0.012982689
Airline Name_Air India,-0.0073117726,-0.04239657,0.02274615,0.042041194,-0.015209567,0.0047132373,0.029649083,-0.024555136,0.020396736,-0.023194278,-0.008588385,-0.025104536,-0.015777849,-0.027900314,0.04859766,0.014869165,0.0450791,0.0110139735,0.04041784,0.028491031,-0.027160633,0.014453914,0.015133325,-0.024204636,0.047227968,0.010900818,-0.0050644875,0.034173813,-0.049973752,0.0013147816,-0.040805876,-0.04564872,-0.041319776,0.023482833,0.04239179,0.026357476,0.004021071,-0.0011715665,0.003991522,0.037350763,0.012306821,0.010822188,-0.041786898,0.04967903,-0.0052450076,0.024744216,0.010898292,0.02933855,-0.03329003,0.014945257
Airline Name_Air New Zealand,-0.0049009323,0.04587618,-0.0337327,-0.0055963285,-0.0069359653,-0.042855036,0.045488406,-0.03410753,0.035776023,0.0112210885,0.007717442,0.03793292,0.013613675,0.017910872,-0.046242442,-0.025874102,0.026716534,0.009553898,-0.035147786,0.031547192,-0.00039137527,-0.016759705,-0.02639817,-0.03674661,0.017188821,0.0069766864,-0.048762143,-0.015858602,-0.0064687133,-0.0055441745,0.0031808019,-0.030164361,0.022614192,0.046764445,0.013917748,0.0063202754,0.03760116,0.036498178,0.010025095,0.032947112,0.028455172,-0.017056145,0.016947258,0.02151579,0.0059408545,0.039034773,0.02693871,0.007714998,-0.019935966,0.00988413
Airline Name_Air New Zealand  ,0.0056576952,0.049862254,0.04261284,-0.0020697713,0.021953214,0.027643505,0.017393779,0.027552392,-0.004556574,0.014903877,-0.047857832,-0.0020975359,0.04477754,0.0481934,0.0045771226,-0.045741607,0.035115194,-0.04728496,0.03148676,0.009013236,0.018238727,0.00014622137,-0.049729146,0.03442912,-0.04774771,-0.027781595,-0.046742406,-0.030928874,-0.0088538155,-0.032766007,0.029465768,0.015373897,-0.015284777,0.04250491,-0.048538674,-0.017154314,-0.006687604,0.015068654,0.0385291,-0.011259247,0.00074955076,-0.010505211,-0.013506435,-0.025958156,0.004169382,0.04076091,-0.024639918,-0.01733049,-0.0076560155,-0.033049367
Airline Name_Air Tahiti Nui,0.036987234,0.04700366,0.0043689385,0.049755607,0.043735612,-0.04699893,0.011891961,0.0033981204,-0.045578577,0.009674858,-0.040480554,-0.00038307905,-0.016033541,-0.037752032,0.047124777,-0.017006613,-0.04019525,0.016043436,-0.014293898,-0.005898021,0.03598516,-0.012673534,0.019473922,-0.014544439,0.0058103576,-0.019721568,0.030848432,-0.038623165,0.04769994,0.023832653,-0.0066066273,0.046915207,-0.0074845552,0.035277914,-0.048350967,-0.025992071,-0.021380115,-0.0061435215,0.04658964,-0.03289652,-0.012089968,0.010335706,0.03733964,-0.020437706,-0.04276085,-0.024087489,-0.04250554,-0.0046383142,0.007000733,0.021589998
Airline Name_Aires Airline,-0.013346661,-0.030189205,0.008005895,-0.021737887,-0.0007056594,-0.00014184788,0.031468514,0.0119872205,-0.013662599,0.047532562,0.04063675,0.030485462,0.049009766,-0.007724941,0.03891516,0.019059148,-0.028375125,-0.036996923,0.024336342,-0.0053869113,-0.03812971,0.03611188,-0.036124073,0.034364987,-0.00988362,0.04294971,0.017960835,0.032280553,0.02627987,0.028214905,-0.030766046,-0.02285477,-0.041600823,-0.023276651,0.048309278,0.03371555,-0.01646055,0.0115530975,0.0130552985,-0.0115192905,0.047023322,0.016761634,0.008491505,0.04194298,0.0044416413,-0.048473813,0.010546528,-0.032646466,-0.03475257,-0.03835305
Airline Name_Alaska Airlines  ,-0.029836655,0.005556263,-0.0126687065,0.042719793,-0.018709399,0.0025286078,-0.012401797,-0.002649285,0.025340822,-0.03271755,-0.006846465,0.04032108,-0.023455787,-0.046538867,-0.012539994,-0.0159824,0.046640668,0.040419523,0.012017537,0.01317649,-0.009366415,-0.03257804,0.026470486,0.012659583,0.045417536,-0.010128297,0.007830869,-0.006141983,0.04098629,-0.0036073923,0.042439427,0.045112167,0.035817932,0.006316066,-0.023136234,0.0011197217,0.016521107,0.0112813115,0.03106023,-0.012347698,0.0016299859,-0.0077160597,-0.046935525,0.035006735,-0.0418936,0.002764307,0.042145636,-0.038514793,0.012387585,-0.011615504
Airline Name_Alitalia  ,0.041445624,0.031068075,-0.04552672,0.02629793,0.019650612,-0.049952973,-0.018156469,0.01608647,-0.028113544,0.033242892,0.047038224,-0.0021373741,-0.04115293,-0.03231889,0.043378975,0.017942514,-0.0053382292,0.038287375,-0.021404171,0.012226917,-0.044748273,0.009591639,-0.010431312,0.017703641,-0.02871964,0.040597465,0.021827627,0.014482047,-0.027663482,0.019616488,-0.041639496,0.037925933,-0.033047177,0.02536172,0.008757543,0.0067790635,-0.035824824,-0.017127335,0.02047987,-0.0030493848,0.026986372,-0.024323238,-0.023906935,-0.02813145,0.011362981,0.02766068,0.030402128,-0.0029982552,0.022899736,-0.017462075
Airline Name_All Nippon Airways  ,-0.0047439933,-0.010712527,-0.021370042,-0.045219183,0.0019882806,-0.01733898,0.030923609,0.006856501,-0.042708006,0.011540078,-0.019179702,0.007650066,-0.009313833,0.039934646,0.046648134,-0.004855145,0.02590895,-0.0032564886,0.044144306,-0.014152061,-0.0028880723,-0.038974106,0.000705529,-0.03010944,-0.036083937,0.003555309,0.0027218945,-0.047710717,0.02742834,-0.009133875,-0.01864773,0.032056127,-0.0049949065,0.04813559,0.012086295,0.017479252,0.013188694,0.019711185,-0.02078197,-0.03500284,0.035167996,-0.0131530985,0.015974034,-0.015510477,-0.025717104,0.03184099,0.005637668,0.004151512,0.044593703,-0.047999825
Airline Name_Allegheny Airlines Inc  ,-0.011958338,-0.011272766,-0.016930401,0.0040378943,0.04332489,-0.011004996,-0.013599254,0.0136003755,0.038991336,-0.0122076385,-0.0215747,-0.037688553,-0.0073058605,0.040241014,0.041888688,-0.02310567,0.037138652,0.03274614,0.02797537,0.038818482,0.03809985,0.0074705854,0.027856562,-0.0027718917,0.026772145,0.016759206,-0.04112315,0.0440321,-0.04248767,-0.042838644,0.005084861,-0.034027137,-0.004360117,-0.034383643,0.0035539046,-0.049030818,0.042677645,-0.021143401,0.0036567822,-0.023529792,0.037754808,-0.009408295,-0.013355065,0.03375658,0.041874398,0.0329821,-0.027481629,-0.0464265,-0.009937298,-0.040040445
Airline Name_Allegiant Air,-0.0029994026,0.0017086379,-0.044122066,-0.016943313,-0.0152756795,0.0007097721,-0.04980235,-0.033473015,-0.0030469522,0.024798993,-0.010402214,-0.048886336,-0.016647052,-0.043456662,0.031972338,-0.013890706,-0.041523315,-0.04556314,0.0014783964,-0.023393357,-0.04354277,-0.0129853,-0.038717367,-0.02578993,-0.03626412,-0.04270078,-0.016865443,0.02670965,0.021576237,0.036252823,-0.039383806,0.023322973,-0.038048614,-0.0031709075,0.024129812,-0.033256494,-0.026854802,0.010746397,-0.043636646,0.03109422,-0.044230938,0.049481157,-0.015572824,0.042123232,0.010398697,-0.006634962,0.0048074126,0.03576428,-0.02190057,0.02881192
Airline Name_America Trans Air,5.3741038e-05,0.037412453,0.03387114,0.020687368,0.027667467,-0.04062444,0.0282791,-0.012564503,0.0047757626,-0.0159822,-0.048307072,0.016015958,-0.0035846122,0.0071331486,0.0041154735,0.04516873,-0.03735398,0.014691379,0.023941208,0.013442982,-0.011638857,-0.025444662,0.022125218,0.038241114,0.048720565,-0.0049340725,0.04591984,0.0265919,-0.027207708,0.024869565,-0.046059098,0.03723881,-0.046956062,-0.004017066,0.0025374778,0.033831667,-0.034465395,-0.017787896,0.0053210147,-0.032859504,0.012834657,-0.031283893,0.046905387,0.04607134,0.02104855,-0.020580804,-0.0391155,0.019246269,0.031226132,-0.030102957
Airline Name_American Airlines  ,-0.04596143,0.04388586,-0.018567909,-0.0040665492,-0.049170792,0.04340524,0.043088187,0.026629891,0.019084487,0.025950406,-0.028375506,0.016775694,-0.03513986,-0.023666669,0.03133217,-0.03474163,0.044367496,0.023775194,0.0026208647,-0.020012343,-0.048225522,0.0041823015,0.037397552,-0.04966383,0.03241798,-0.030778373,0.0153473355,0.013048623,0.023186337,0.0074943677,-0.00465703,0.0073655024,-0.0460426,-0.014994182,-0.048490297,-0.034066223,0.04844794,-0.011596609,0.045899097,-0.034590505,-0.004964292,-0.03756435,-0.0077771433,-0.012078665,-0.04544344,0.011380315,0.022401419,0.01224022,0.038824845,0.0047710314
Airline Name_American Eagle  ,0.040242765,0.03703927,0.028113868,0.020616744,0.030701246,0.009002935,0.009347666,-0.012381185,-0.031236803,-0.019988203,0.031793404,0.012248419,0.013639722,-0.035503317,0.028255608,-0.002304148,-0.02256881,0.009494077,-0.03862808,0.01987673,0.022806514,-0.026020944,0.02958614,-0.042531442,-0.0011243336,-0.022748077,0.00157113,0.033451047,0.022564124,-0.045641314,-0.046988644,0.03179467,0.026366655,-0.00737834,-0.010937475,-0.031862795,0.026236597,0.031355325,-0.0010196082,-0.033519886,-0.002954781,-0.02879317,-0.027536213,-0.03427515,0.0346953,0.04715545,0.0126483105,0.038418237,-0.026360512,0.015477065
Airline Name_Arik Airlines,-0.012177907,-0.014382649,-0.009094249,-0.025434865,0.008883476,-0.008937109,0.021057222,-0.048669375,0.04214735,0.0031263232,-0.035427857,-0.040388454,0.03921551,-0.016693223,-0.023598183,-0.040152095,0.040486787,0.024978224,0.007754065,-0.023434043,-0.024836719,0.0398232,0.023905445,-0.008136295,0.011916578,-0.028015805,-0.017407082,0.0318995,-0.038683902,-0.030041326,-0.003914334,-0.0019168966,0.030506086,-0.048456945,0.02945261,-0.031760097,-0.012044072,-0.034727335,0.0011415854,0.0022111312,-0.020392776,0.039987218,-0.0075842515,0.048312653,0.017908309,0.0034707189,0.008564401,0.03106631,0.0002300851,0.0014762059
Airline Name_Asiana Airlines,-0.01882769,-0.029836608,0.021257114,0.0007805601,-0.011884846,-0.03695042,-0.031761147,0.00133406,0.025811758,0.02610537,-0.0039083734,0.02205098,0.017584193,-0.0028245337,-0.04981483,-0.016872503,0.0035986789,0.045139123,0.027405594,0.038553786,-0.040062465,0.004040815,-0.023420274,0.021229636,0.015477683,0.046474468,0.041809466,-0.01708262,-0.044419717,-0.03102231,-0.020675315,-0.025508964,-0.022147596,0.046001125,0.012851249,-0.039250135,0.023772921,0.015588645,-0.03161551,-0.026390195,0.01398002,0.0010410771,-0.037517987,-0.013397358,-0.028156042,-0.0030354373,-0.009329688,0.013180081,0.004985608,-0.0012047179
Airline Name_Austrian Airlines  ,-0.023891974,-0.00010615587,-0.010088313,-0.01827284,-0.031422008,0.022767197,-0.013890337,-0.021026408,0.034139786,-0.038014017,0.016957615,0.027020011,0.01196631,-0.044086993,0.04465005,0.016377117,0.014055181,0.04274294,0.020785343,0.017143812,-0.008472122,-0.024167573,-0.0038687363,0.03880221,-0.03845639,0.00067622587,0.028117012,0.023374405,-0.035160076,0.039436307,0.014442038,0.020574953,0.02302127,-0.04891652,0.00032631308,0.00854931,-0.011887658,0.046796713,0.022520196,0.04073694,-0.019882131,0.0120130405,-0.014962316,-0.04369353,-0.0016818047,0.003906835,-0.034243003,-0.0012730248,0.029411998,0.031725634
Airline Name_Avianca  ,0.043614913,-0.04837158,-0.034669638,-0.027680947,0.039604235,-0.039875496,-0.00023030117,0.041000735,-0.030981684,0.040858064,-0.014927946,0.032080557,0.029608753,0.004744552,0.031395804,0.045049276,0.028902147,-0.0033653863,-0.045916285,0.046800386,0.02171285,0.015801024,-0.025369836,0.040376317,-0.016621687,0.03372662,0.033476803,0.026719484,0.02531049,-0.019509865,0.021598402,0.026907418,-0.0066997297,0.008293904,-0.0030991323,0.015147079,0.016656827,0.0104170665,-0.034154728,-0.044414677,0.023389105,0.04727376,0.023295928,0.011598088,-0.015172899,-0.044377267,0.040858414,-0.03215815,0.0046598427,-0.018774046
Airline Name_Bahama Airlines  ,-0.030705202,0.040234517,-4.6063215e-05,-0.00419005,0.049725976,0.03463355,-0.012837708,-0.032155313,-0.036832474,0.002712369,0.045043077,0.011566184,-0.032859422,-0.0172938,-0.048450556,-0.046357285,-0.009146679,0.021553721,0.02858087,-0.04629047,0.04133581,0.023259927,-0.02300775,0.043919574,0.014625404,0.00898888,0.026356887,0.02770206,0.044660334,-0.026699627,0.0012801066,0.01674712,0.030034188,0.0288398,0.008073844,0.040890347,0.018542696,0.044335674,-0.027758455,0.028225113,-0.041081406,-0.027292168,-0.017786145,0.048452664,0.028175723,-0.0033872835,0.025778059,0.042562556,-0.046659768,-0.029523432
Airline Name_Brit Air  ,0.049464736,-0.00019718334,-0.04828894,-0.029755032,0.0415969,-0.033956863,-0.012497056,0.042801406,-0.046411242,-0.008725524,0.01705302,-0.034670077,0.033991728,0.021403644,0.0044851787,-0.041680314,0.009055577,-0.026419593,-0.008010697,-0.038914837,-0.003973983,0.043822277,0.0002752766,0.013490807,0.017315958,0.030311298,-0.015364837,0.020789232,-0.02552935,-0.006301917,0.031191316,0.03389292,-0.037917983,0.010099482,-0.042766776,0.009168088,0.04563271,-0.039468445,0.013449017,-0.021394838,-0.029538859,-0.027456904,-0.004304968,0.0241738,0.020989504,0.0061448924,-0.03587518,-0.025735725,0.014557157,0.0046576858
Airline Name_British Airways  ,-0.04655533,-0.023132563,0.038833264,0.020960275,0.02126826,0.0078072324,0.035659496,0.028446522,-0.004585184,0.0035095587,-0.028574204,0.037354622,-0.006478332,-0.032639146,-0.009293329,-0.027351296,0.01883303,0.045156468,-0.041040838,-0.04545964,-0.0038704276,0.02347977,0.009968985,-0.020030344,-0.023245467,-0.044807624,-0.025743855,0.019170891,0.0063484907,0.0025650263,0.013865102,0.0258171,0.0292365,-0.0194206,0.0015344843,0.046328794,-0.028340567,0.03514867,0.024495255,-0.034171987,-0.01562506,0.015885446,-0.0021052957,-0.004337132,-0.0031255372,0.04418904,-0.0026697032,0.012153793,-0.018966615,-0.033268154
Airline Name_CanJet,0.025076997,0.003976427,-0.015848078,0.02389672,0.034695055,0.044189822,-0.012498282,0.0044414625,0.010995448,-0.006334342,0.028718363,-0.041640747,0.028046455,0.007228136,-0.04126487,-0.014314055,-0.00034507364,0.0045232065,0.024577264,0.02879468,-0.005284153,-0.0388983,-0.025325214,-0.015783917,0.034768548,-0.036320113,-0.017909445,-0.036420785,-0.015500199,-0.031731237,0.038882602,0.04205816,-0.031028558,0.0070594065,0.0041624084,0.020119201,-0.033261858,-0.021613015,0.021797124,0.044907097,-0.012029719,0.031470466,-0.03107196,0.015937235,0.036827717,0.037663545,-0.0382753,0.02226771,-0.04624126,-0.005009234
Airline Name_Canadian Airlines  ,0.016131986,0.034053635,0.017092932,0.0011649951,-0.023306036,-0.02609229,0.010361157,0.027339187,0.0027462132,-0.017068066,0.040744636,-0.015323352,-0.047486674,0.0344329,-0.02843598,-0.002743639,-0.03100065,0.013047997,-0.0022146106,-0.03573928,0.015667152,0.0124925375,0.0018612631,-0.002916336,0.009106625,0.03283686,-0.029309917,-0.027093364,-0.048092317,0.03540882,0.0062520728,-0.0046656244,-0.02238592,0.04090449,-0.015706599,0.039410863,0.01461586,0.04880837,0.04287639,-0.021414448,-0.03784448,0.0018833503,0.0042555556,-0.013650559,-0.02716198,-0.026984215,0.000358738,-0.037208162,0.036056343,0.04954244
Airline Name_Cape Air  ,-0.0059345737,-0.0010887757,-0.038220666,0.038560335,0.018912148,-0.025056422,-0.023899674,0.030565526,0.03734645,-0.033072196,-0.046358574,-0.032447506,0.026346829,0.02580366,0.03640187,0.046924066,0.006129969,-0.00079674646,0.030389857,0.0009321682,0.004614435,-0.036509383,0.032229844,0.0004056096,-0.034889102,-0.037124645,0.03774691,-0.01211939,-0.008807123,-0.034038235,0.0081346035,-0.04059249,0.021512758,-0.007801853,0.0029859915,0.04771843,-0.001979757,-0.047172356,0.015565466,0.00020866469,0.019845974,-0.044681277,-0.046490993,-0.04055258,-0.0014899485,0.035507213,-0.037571203,0.03752717,0.0071784966,-0.005321849
Airline Name_Carnival Airlines  ,0.035602737,0.029798698,0.036157798,-0.04664419,0.033638988,0.039866496,0.012838904,-0.019805348,-0.037508465,0.003139019,-0.004006099,0.018780041,-0.020899165,0.015194628,0.0089382045,0.020330023,0.034905408,0.0019840598,-0.04675577,0.0095459595,-0.02059405,-0.016363285,0.010782361,0.013479326,0.009208024,0.028653685,0.028204095,-0.04244268,-0.036178134,-0.046987094,-0.008067369,0.006975986,0.0044019334,0.00789367,0.0017905235,0.009305894,0.0309886,-0.03587389,-0.007840503,-0.04479889,-0.041195787,0.043922495,0.040933,-0.013013504,0.011071123,0.01706909,0.047289256,0.0017350316,-0.022966718,-0.04553944
Airline Name_Carribean Airlines,0.038728822,-0.010038555,0.036464218,0.01344097,-0.04951744,-0.0060655475,0.032280732,-0.00038582087,-0.012965225,0.020291593,-0.028885795,-0.03811896,0.044980135,-0.049706746,0.034824457,0.039688792,-0.047021426,-0.003514491,0.0012505762,0.009669412,-0.014492489,-0.015296947,0.03584708,-0.03174118,-0.0224898,0.018268202,0.041584257,-0.041645445,0.025002327,-0.010738265,0.0070782416,-0.024302328,0.0069502965,-0.048231233,-0.0134345405,0.025669146,-0.010698177,0.04943234,-0.0133705735,-0.01121781,0.020994928,0.041751508,0.033572268,0.008220363,0.04270372,0.007894743,0.017277423,-0.035873175,0.011278726,0.010859787
Airline Name_Cathay Pacific - CX,-0.048758626,0.015193891,0.046926383,-0.016183734,-0.046643794,-0.0053470954,-0.026903128,-0.0122693665,-0.0025980584,-0.047317218,-0.0031086914,-0.008415721,0.03397915,-0.016806863,-0.04421959,0.025712226,-0.03783711,-0.020414447,0.0025556684,-0.0018802509,0.040026877,0.012148727,0.008862209,0.026368883,-0.01230339,-0.0038397312,-0.04317975,-0.013993919,0.038759995,-0.0318483,0.046512377,0.0012545586,-0.02272668,-0.020440698,0.026509736,0.04746337,-0.025469756,-0.046770047,-0.031152522,-0.02496115,-0.007349681,0.03729022,0.046236787,-0.024081577,-0.03085879,-0.022702504,0.007060565,0.029873434,0.01138518,-0.048571732
Airline Name_Cayman Airlines  ,-0.048064053,0.0061784014,-0.031024694,-0.0154709,0.01983751,0.012150776,0.03864647,-0.0004793778,0.0062307604,-0.048482407,0.032089185,0.021804046,0.012301397,-0.011120461,0.0011840239,-0.02810855,0.028066698,-0.015096962,-0.04343882,-0.041460335,0.042290714,-0.028125513,0.023094822,0.0063646436,0.04451101,0.03404894,0.03637084,-0.028239667,0.044428002,-0.02326535,-0.021577561,0.016451765,0.01303282,0.022623252,0.01720861,0.009626351,0.0061972365,0.02472147,-0.04392575,0.037780892,0.03651612,-0.033526734,0.041874018,0.023651768,0.00921781,-0.02643404,0.024875712,-0.023346651,0.03258023,-0.046281554
Airline Name_China Airlines  ,-0.032989252,0.027804028,0.012346245,-0.0011056662,0.020722758,0.048783433,0.04477546,-0.026005507,0.0047821403,-0.014621139,-0.007699121,-0.0121148825,-0.009715714,-0.010618616,0.0015792474,-0.006363798,0.0354991,0.02154157,-0.0018254891,-0.04540005,0.01203239,-0.017454457,0.0027368292,-0.03260082,0.037925635,0.01205311,-0.03902488,-0.026836002,0.029912401,0.045846846,-0.040296018,-0.041744947,-0.01749716,-0.041439246,0.034469042,0.030326042,-0.03828627,0.025802959,-0.047259044,-0.024229204,-0.019771589,0.022045363,0.011240661,0.0067822225,0.0032805204,-0.031579435,-0.034295633,-0.0362859,-0.01016295,-0.008747138
Airline Name_China Eastern Airlines  ,0.019663122,0.035741273,0.045208905,-0.0047959313,0.002454184,-0.040910292,-0.0131901875,0.006441273,0.04394943,0.01789489,-0.0006123297,0.0077856667,0.024254669,0.028312232,0.044340443,-0.024778878,-0.02235092,-0.012240134,-0.013193905,0.01905891,-0.018699765,-0.025307382,-0.014198683,0.031944897,0.0047724247,-0.027605558,0.034300115,-0.011584245,0.02119818,0.006401457,-0.029323017,-0.028548265,0.014982227,0.010386072,-0.0044446103,0.02187017,0.01283871,-0.026733791,0.046183597,0.04800279,0.048799958,-0.004659213,-0.048899233,-0.030612553,-0.022342158,0.02489153,-0.038216867,0.017844591,0.043865297,0.036095608
Airline Name_China Southern Airlines  ,0.0022382513,-0.026234472,-0.006038297,0.03213079,-0.017640352,0.019362759,0.019130114,0.046061967,-0.023362888,-0.014280476,-0.049840964,0.026012529,-0.02446164,0.024406422,-0.044745054,-0.023907138,-0.00067256764,0.003030371,-0.0395002,-0.010629665,0.02200273,0.03718772,0.04990283,0.028663222,-0.031383216,-0.043166637,0.019990537,-0.009027969,0.03626049,-0.03136442,-0.013328623,-0.01761464,0.0148823,0.04877832,-0.04880915,0.016254868,-0.018197179,0.0069100037,-0.04765712,-0.027320338,-0.0015998594,-0.022267116,-0.005645562,-0.02138151,-0.015430011,-0.041942824,0.029880453,0.04088619,-0.04003228,-0.045317184
Airline Name_Condor Air,0.0024127252,0.042930555,0.0012436509,-0.044039883,-0.041305505,-0.031230425,0.035625722,0.024599742,-0.03328519,0.040797476,-0.005768191,0.032240424,0.0019760132,0.0043012016,0.0375322,4.1089952e-05,-0.01362326,0.025349569,0.03284386,0.031819943,0.041156236,0.027155187,-0.005020261,0.038884554,-0.04275943,0.034139145,0.012588572,0.019782532,0.024571631,-0.011920702,-0.024813319,0.012069665,-0.02128172,-0.04434817,0.0038212053,-0.021894217,0.037591208,-0.007497072,0.02277911,-0.031376265,0.04394691,0.034941304,0.010438919,-0.043780554,-0.040683102,0.021207396,-0.03604076,-0.0037657246,0.024967942,0.0105746165
Airline Name_Copa Airlines,-0.03388852,0.03423125,0.009165801,-0.022556294,0.036345664,0.021937143,0.040781643,0.041184854,-0.032284297,-0.012946833,0.044858303,-0.031961918,-0.0050115213,0.044199433,-0.03465681,-0.029206289,-0.039653074,0.02569199,-0.03930471,-0.03716295,-0.041838013,-0.032872546,-0.008808769,0.0029254071,0.035249498,-0.047104992,-0.0024563782,-0.024057114,0.017819826,-0.022629607,0.010615706,0.016936686,-0.01686243,0.037164357,-0.021708012,0.006053854,0.0403399,-0.04652225,0.039105248,-0.03863703,-0.01389382,-0.0001392588,-0.02619009,-0.010969758,-0.0014036074,-0.012111831,0.04213014,-0.047471035,0.037699018,-0.0421201
Airline Name_Czech Airlines  ,-0.005230259,-0.018818378,-0.0020727292,0.019212853,0.02264246,0.035184238,0.03667629,0.013607528,-0.022707773,-0.03350748,0.03546038,-0.0030640736,-0.017764043,-0.02284423,0.0032437816,0.038495842,-0.04315207,-0.04287268,0.035938468,-0.038047493,-0.023081494,-0.037256528,-0.046465695,0.046593104,0.013974298,-0.046219945,-0.03014703,0.011228584,-0.041965507,0.0406175,-0.042108096,0.034204934,0.004802,-0.0042503476,0.0074857846,-0.022609925,0.013468754,0.01487894,0.029942606,0.030604195,0.00018125772,0.030742232,0.040780667,0.04957768,-0.035292387,-0.01536138,-0.047813118,-0.04987966,-0.032561682,0.004756592
Airline Name_Czechoslavak Airlines  ,0.0019711964,0.0339252,0.0018197186,0.013226118,0.049377892,-0.025550222,0.029374171,0.04956079,-0.043879222,0.017468456,-0.014182188,0.040859427,0.017365422,-0.0122537725,0.0004946962,0.026865508,-0.0004524216,-0.042002976,-0.004624892,-0.021806467,-0.043119382,-0.0069773905,-0.0099573955,0.01962078,0.020251397,-0.033986703,-0.01591301,-0.015165843,0.046325948,0.017704595,-0.004142344,-0.0022985935,-0.033607125,0.03680307,0.0063172206,0.014443848,-0.0022610314,-0.015569985,-0.032903124,0.017337088,-0.029596055,0.020919029,-0.043693423,-0.019971991,-0.037807595,0.02803408,-0.03710525,0.041825105,0.043338034,-0.02425803
Airline Name_Delta (Song),0.032542493,-0.02978065,-0.027212286,0.010255944,-0.024363924,-0.017281272,-0.039901696,-0.018110383,0.005711317,-0.021055639,0.0060687885,0.02726176,0.037804816,0.04147018,0.009059131,0.044389855,-0.001724422,0.0038707033,-0.006828893,0.023637999,-0.0031422153,-0.012609553,-0.009519588,0.008472443,-0.0033741482,-0.029923225,0.01034664,0.012636494,-0.016466748,0.005952012,-0.0033994317,-0.030288149,-0.04847454,-0.01646129,-0.03143382,0.04479463,0.029438864,-0.003369905,-0.011664748,0.023181472,-0.036157154,-0.030439198,-0.03939463,-0.03127402,0.0077006817,-0.049450386,-0.035793938,0.007154774,-0.045042098,-0.024443483
Airline Name_Delta Air Lines  ,0.02454761,-0.0019950978,0.028632764,0.019801918,0.017791543,-0.026110483,0.0240242,0.025797557,-0.023220075,0.029299367,0.026674125,-0.008099638,0.033892248,0.031126585,-0.049026813,0.0023301616,-0.020397067,0.01818775,-0.044400956,0.011489846,0.046528224,-0.04818622,0.0032165274,-0.021206498,-0.004623331,0.005973447,0.009044804,-0.047767866,-0.04538535,-0.0097268,-0.011247657,-0.04523028,-0.007311333,0.02583972,-0.038114917,-0.003029395,-0.010556437,0.028362919,0.015426073,0.032888506,-0.02079922,0.016941953,-0.0106657855,-0.0030573234,-0.03593539,0.0030191056,-0.04357331,0.041626167,-0.042613436,-0.014551736
Airline Name_Direct Air,0.035383914,-0.035465755,0.047712173,-0.036245156,0.035682704,-0.026309168,0.0140491985,-0.024873901,-0.0041797273,-0.015606202,-0.036328316,-0.008059692,0.0465389,0.030768681,0.038152013,-0.03252276,0.048821058,-0.024054242,-0.04833287,0.024096433,0.04739071,-0.017136205,-0.017830037,-0.022438312,-0.044449676,0.016346227,-0.0023220293,0.008129619,-0.045582462,-0.01196257,0.042641845,0.04066031,-0.0065232404,-0.044020034,0.038824406,0.012174152,-0.009694673,-0.04922227,-0.01894076,0.020775627,0.04088125,-0.025804102,0.009371519,-0.03679172,0.036768023,-0.023097826,-0.0015639439,-0.016283702,0.019619394,0.016778115
Airline Name_EL AL Israeli Airlines  ,-0.037197925,0.0073254816,-0.0137982145,-0.00891123,0.020648886,0.016280506,-0.0034888275,0.026431073,0.0029774792,0.034354415,-0.024343504,-0.0331427,-0.043070853,0.0047134534,-0.03221295,0.038769152,-0.024733473,0.009287916,0.036277425,0.019273285,0.034238886,0.03161714,-0.0054051764,-0.042098165,0.00990374,-0.047823776,-0.020402098,-0.015678335,-0.022585511,-0.010031175,-0.04844531,-0.03619162,0.00700121,0.033886466,0.032910947,0.032108437,-0.009319603,-0.020941092,0.029308427,-0.03900676,0.032456648,-0.043211605,-0.042158462,0.03692371,-0.024817467,0.04096831,0.025033426,-0.036800336,0.021681275,-0.024299253
Airline Name_EVA airlines,0.011949696,-0.043076765,0.04521841,-0.027678752,0.016559746,0.049551416,0.004552163,-0.026590025,-0.018567957,-0.00039265305,0.04504687,-0.04548509,0.025067735,0.00985793,-0.037291206,-0.0338402,-0.04322777,-0.046846356,0.009488057,0.0037406906,-0.018744051,-0.010893762,0.045041893,0.04582585,-0.02138834,-0.04984157,-0.040680386,-0.029790878,0.008711182,0.03170863,-0.0136904605,-0.04006908,-0.0135841,0.041003574,0.04134233,0.047013883,-0.013100993,0.022793267,0.024152067,0.040633563,-0.039192736,-0.04942999,-0.040176846,0.036978904,0.009402432,-0.011216819,-0.028356409,-0.014209367,-0.01776259,0.028690603
Airline Name_Emirates,-0.032778636,0.015481386,0.02943175,0.029348318,-0.010095678,-0.02984277,0.037551645,0.025318328,-0.01104828,-0.030434752,0.033927057,-0.02483393,-0.00048790127,-0.0047975406,0.008652758,-0.043081116,-0.020328999,-0.0038530454,0.0019438639,0.042921934,0.04537897,0.0046980865,-0.004901387,0.004752338,-0.0442487,-0.04306785,-0.039805543,0.033175375,0.03987563,0.049476888,0.009406842,-0.047910046,0.012467157,-0.026143884,0.029971015,-0.04238515,-0.014305521,0.0037595257,0.0072101727,0.041364823,0.038094666,-0.027971674,0.017720785,-0.04248196,-0.046984114,0.026220892,-0.0283574,-0.039621234,-0.04791087,0.00014916807
Airline Name_Ethopian Airlines,0.0066481344,0.028114047,0.0128342025,0.04089204,0.020972256,0.020066526,-0.024765326,-0.008710884,-0.036025535,-0.025890483,0.011370778,-0.025361752,0.024497058,-0.033245817,0.029277887,0.03303722,-0.026486373,0.031425845,-0.010564052,-0.008310579,0.031366576,-0.037345886,-0.04932599,-0.023558486,0.027678262,-0.009044539,0.030328695,-0.042642225,-0.041418172,0.04338442,0.008250475,0.025761139,-0.012274839,0.038976822,-0.038535833,0.027403023,-0.035823893,0.036003742,0.037233,0.014529731,-0.038579345,-0.048599686,0.031183686,0.018819634,-0.0030580051,0.035903994,0.045008484,0.016709674,0.023160126,-0.031519555
Airline Name_Etihad Airways,-0.037973415,-0.012645293,0.03138032,-0.030284572,-0.019631898,-0.035917092,-0.030094994,-0.0041240826,-0.02748226,-0.0045849904,-0.025915254,-0.038591933,0.0123184435,0.008375861,0.045780923,-0.042917695,0.014061835,0.016292442,-0.046993054,-0.042209852,-0.0055993795,-0.042466164,0.038647536,-0.0043917075,-0.0018506274,0.033128012,-0.009149671,0.011714447,-0.008903336,-0.026810026,0.04654782,0.0059470423,-0.034695614,-0.03263028,-0.023785723,-0.04509729,-0.014141548,0.037373517,0.046553563,0.01911937,0.036765743,-0.02107147,-0.010606099,0.025854949,-0.03557421,0.0019587055,-0.011217833,-0.0032042637,-0.004179906,-0.04601239
Airline Name_Finnair,0.033752155,0.04967281,0.02528968,-0.009488963,-0.02785424,0.02321824,0.010877393,0.0043217055,-0.018333446,0.0128579475,0.028503958,-0.0027843602,-0.01660185,0.042233754,0.022725452,0.048978556,-0.037216973,0.031318013,0.03545649,-0.043365814,-0.010966469,0.03504243,-0.007264208,-0.0329201,-0.00160712,0.030224707,-0.01744654,0.019610334,-0.010480322,0.015756499,0.024080131,-0.031212723,-0.01317364,0.0054330938,0.04313563,0.036382046,0.02764858,0.028176773,0.039062943,-0.019976724,0.018463615,0.004140295,-0.027732491,0.0319332,-0.0049591064,-0.022305418,-0.03129735,-0.024950016,-0.031570304,-0.031978656
Airline Name_Frontier Airlines,0.028932098,0.019642677,-0.023079528,-0.024257362,-0.03786155,0.0432487,-0.008936573,-0.024193836,-0.0059679262,-0.044882942,0.00299903,-0.01596396,-0.012892164,0.01984365,-0.03494072,-0.027816534,-0.039614905,-0.0457515,-0.03563727,-0.028412497,0.03748,-0.022804666,0.03997946,-0.020056665,-0.016083788,0.022256639,0.006632995,0.017949764,-0.04506457,-0.020764088,0.044135038,-0.0044305697,0.025975857,0.04369079,-0.0017497763,0.0031133518,0.0020260215,-0.01696118,0.020776656,0.03692976,-0.041253924,-0.040774297,0.027391646,0.024690036,0.00870527,-0.0022617206,0.025034156,-0.015486967,-0.021947956,0.020265523
Airline Name_Great Lakes Airline,0.042869244,-0.034836374,0.037327837,-0.024466801,0.005106639,-0.0016843677,0.028991152,0.042618725,0.0054033883,0.037896726,0.0025869831,0.044761065,0.009956025,0.01770467,0.048570264,-0.020061374,-0.03204415,-0.02629503,0.0056064017,-0.018823719,-0.041127276,-0.041979205,0.004609324,-0.015881825,-0.008255541,0.024914097,0.02447829,-0.004366599,-0.02753917,-0.02961961,0.012625743,-0.033612646,-0.017587781,0.039323155,0.015076224,-0.028860176,0.015721504,-0.018181097,-0.0038663372,0.020550016,0.036854994,-0.030486846,0.027383972,-0.04655346,-0.03258246,0.04456785,-0.008234035,-0.008378424,-0.01121695,0.014823902
Airline Name_Hainan Airlines,0.0034000278,0.04829886,0.0021254197,-0.015474368,0.01897161,-0.044454206,0.009715188,0.0149538405,0.0047416687,-0.015937604,0.041704725,0.043687034,-0.03965844,-0.015353523,-0.019247234,0.048382137,-0.011969876,0.011421442,-0.032075264,-0.030550683,-0.007350482,0.013722945,0.020529654,0.02927253,-0.018891597,0.04709569,-0.015252341,0.03610034,0.022258986,0.0016515851,0.031239215,-0.04752251,0.017454173,-0.004749488,0.03482033,-0.045644928,-0.0016908534,-0.029226864,-0.00876819,0.006393969,0.024816696,0.037663434,-0.0018626079,0.035702433,0.008791078,0.025552738,0.046382237,0.021453086,-0.020706153,0.012556601
Airline Name_Hawaiian Airlines  ,-0.02601744,0.004515063,0.00027799606,0.043108467,0.00034423918,-0.019273747,-0.016779374,-0.020124853,0.033902083,0.045101892,0.0346098,-0.044857025,-0.038540505,0.008170523,-0.017653205,-0.043209326,0.0204718,0.037375186,0.010098707,0.024490368,-0.016274404,0.047429774,0.032895353,0.00022739172,0.01872487,-0.006474804,-0.016432464,0.031479124,0.0014693514,0.0049473755,-0.027846767,-0.027725507,0.03332079,-0.02230202,0.042212132,0.036351528,0.043673042,0.0058636554,-0.029650664,0.034095276,0.02751987,-0.0067660436,0.03558849,0.03452574,-0.038118936,-0.012181651,0.031276036,-0.04110551,-0.018833447,0.04335426
Airline Name_Horizon Air,0.04489528,0.039863456,-0.015915178,-0.03753556,0.01227162,0.039870385,0.016857158,-0.03879094,-0.016954709,-0.017168306,-0.047851276,-0.022524023,-0.025278164,0.025034416,-0.017017104,0.02737448,-0.026581144,0.02021284,-0.025861,-0.0017140508,-0.02126546,0.018880103,-0.028423345,-0.035478543,-0.046061195,0.022213828,0.003427375,0.034823123,0.015519906,0.04785354,0.0147337355,0.0391088,0.0028350838,-0.046085726,0.039772104,-0.046088327,0.049629357,0.03787336,0.004421212,0.01775277,-0.045676567,0.04650322,0.04838157,0.042814877,0.035321567,0.0016956814,-0.03735753,-0.037267875,0.046431933,0.044097926
Airline Name_Iberia Airlines,-0.014488231,0.0329124,-0.045861818,-0.01959299,0.04430237,-0.03661264,-0.038379252,0.038926546,-0.028787374,-0.018068898,-0.044417825,0.046541218,0.006216716,0.04382663,0.046714727,0.030362535,-0.033777736,-0.011423398,0.0039311647,0.04714967,-0.018623926,-0.0031313077,0.044022787,0.021722626,-0.020787513,0.01578847,0.01576643,0.011227012,0.03862573,0.028374407,0.037820134,0.03398404,-0.0354956,-0.012964737,0.02557334,-0.009958208,-0.0028117672,0.010291766,0.0013908967,0.011342265,-0.018417023,-0.013555981,-0.02276963,-0.014582157,0.02198105,0.005542837,-0.031781994,0.020925652,0.0044882074,-0.031809233
Airline Name_Iceland Air  ,0.023170564,-0.032279216,0.023303453,0.04508051,-0.005235791,-0.03475541,-0.0039676316,-0.022589803,-0.006873857,0.024603102,-0.021012545,0.026766267,-0.042040013,0.026369821,-0.047396448,0.047235083,-0.0047643073,0.043137375,-0.03761207,-0.023724651,0.0459751,-0.00664109,0.048242938,0.03692058,-0.04482552,-0.023310889,0.04954275,0.0052174814,0.011321247,0.025440995,0.017461088,-0.00753076,-0.023908067,-0.02536254,0.023852598,0.010757722,0.04567312,0.037582982,-0.008276235,0.003635954,0.027812812,-0.019945204,0.03919662,0.023688648,-0.04483216,-0.029310334,-0.027274955,-0.025507903,0.011587299,-0.04703014
Airline Name_Island Air,0.0010219105,0.0092609525,0.02152611,-0.0030299053,0.007735826,-0.041389454,0.020314563,-0.009030949,0.040255453,-0.015262425,-0.020190572,-0.045710683,0.0037083998,0.0068157427,-0.03406906,0.033123765,0.026258435,-0.03539624,0.022918034,0.022957291,-0.0038456544,-0.013637923,0.011891998,0.048203457,0.045989458,0.026968602,0.024604294,0.038481895,0.02949429,-0.029492414,-0.020887733,-0.0032693148,0.03824762,-0.045228194,-0.037881337,0.001244247,-0.03571421,-0.0057699457,-0.009213865,0.039319422,0.002994787,0.008436225,0.008698262,-0.017886855,-0.040874504,-0.018876303,0.009259332,0.020388875,0.0019366741,-0.03611486
Airline Name_Japan Airlines  ,0.011612929,0.040025618,-0.015996851,-0.01610757,-0.041651536,-0.0017632358,0.02463689,0.042382684,0.027966026,-0.0064091086,0.023953501,-0.028847147,-0.0037026294,0.010607086,0.010011721,-0.037062824,0.037943397,-0.021058476,0.041813564,0.0077358373,-0.048193958,-0.04252992,0.014597122,-0.04403534,-0.033602968,0.0019748919,0.046336677,0.028175559,-0.033287548,-0.03190758,-0.036988556,-0.029939616,-0.028399432,0.032387797,0.001415085,-0.02178595,0.009675682,-0.04986433,0.022130337,0.033575904,0.037303116,-0.017192326,-0.014645062,-0.03708466,0.004183255,0.043685902,0.022539902,-0.041225456,-0.010138083,0.017346624
Airline Name_Jet Airways,-0.035282325,0.037826214,-0.04843309,0.007203378,-0.046741914,-0.039739538,0.046462346,-0.016154848,0.039458763,0.038185026,0.0066336878,0.020516697,0.019876603,0.04423857,-0.0028977282,0.021086697,-0.04021748,0.008435525,0.046107773,-0.045349933,0.006007828,0.01316661,0.005377721,0.013811078,-0.026550388,0.020652484,-0.03083018,0.030608486,0.033515107,-0.00027644634,-0.023250628,0.013858531,0.016806293,-0.026110172,-0.0040112734,-0.015638638,-0.0047642216,0.005852185,0.0010017641,0.02348036,0.015322063,-0.018860197,0.043244172,0.007988907,-0.033449605,0.0065640323,0.021673393,-0.04897529,0.02449223,0.04162519
Airline Name_Jet Blue,-0.0034195893,0.04710504,0.008976258,0.043766204,0.02429397,-0.016025413,0.031635117,0.02234726,0.03263134,0.011289239,-0.032378018,-0.04713557,-0.02276646,-0.0074325204,0.042076025,-0.027283896,0.03811128,-0.03716924,0.017602209,-0.033277452,0.047581498,-0.014951706,0.022542324,-0.04862311,-0.04724207,-0.002313234,-0.0073226206,0.0041957274,-0.023048377,-0.023431098,0.008988954,0.0379936,0.011677146,0.0030054823,-0.010063577,-0.01822213,0.020834517,0.032365788,-0.009388246,0.0111019015,-0.016978167,0.022553194,0.01666205,-0.031334177,0.010252595,-0.03804512,0.04238521,-0.014935266,0.049616028,-0.0058955923
Airline Name_KLM Royal Dutch Airlines,0.039798867,-0.026796568,0.013450433,0.0056787506,-0.039517045,0.019486222,0.043351997,-0.02118758,-0.025166703,0.023649264,-0.03291724,0.03201213,0.047880355,0.004606582,0.00013022497,0.018246148,-0.029311467,0.016269851,-0.024061024,0.044087622,-0.020840466,0.027617957,0.043768946,-0.040763497,-0.002917707,-0.037970565,0.0095854625,0.035346124,0.043280374,-0.039340805,0.037926737,-0.020048035,0.026552547,-0.010715019,-0.04199643,0.03761227,-0.0007449277,-0.045163024,-0.024155486,0.007733118,-0.031983674,0.01027552,-0.021669233,0.04828092,0.04496265,-0.045598935,-0.018647827,-0.031021524,0.034593727,-0.019770432
Airline Name_KLM Royal Dutch Airlines  ,0.04844555,-0.02261337,0.008562256,-0.024464978,-0.021571219,-0.008305274,-0.014544211,0.017575,-0.02637719,0.03147677,0.02473167,-0.036752094,-0.034385957,0.0036895163,0.0079288855,0.029296402,0.04840232,0.038574543,-0.026350057,-0.022362744,0.042081658,-0.007658016,-0.0019754283,-0.040557384,0.04974163,0.005092643,0.042127978,0.047815215,-0.005896248,-0.021305157,-0.004101325,0.03728695,-0.008792639,0.024831641,0.024819504,0.042045962,0.0446277,-0.010821961,0.037898827,0.045289088,0.0033294335,0.03279816,0.025560204,0.0036553256,-0.035763454,-0.043709423,0.032593895,-0.04655174,-0.04606421,-0.0009806864
Airline Name_Korean Airlines  ,-0.03461169,-0.032349646,0.04193468,0.0471257,0.03337354,-0.016765058,0.0068730116,0.024270106,-0.0027191415,-0.03286338,-0.0020583048,-0.036651812,0.03379811,0.017455433,-0.038525723,-0.027619576,0.031039547,-0.019742036,0.018032167,0.02536359,0.02283832,0.043418203,-0.015337456,-0.039724004,-0.04455433,-0.04336238,0.038798545,-0.025976455,0.0016821027,-0.020725846,0.045305196,0.012713719,0.0013711452,-0.037342597,0.043504585,-0.029907966,0.038171623,0.015369121,-0.028171455,0.03593376,-0.020198274,0.04722097,-0.039572608,-0.009183109,0.021224033,0.04987676,-0.041030537,-0.01365478,-0.002242159,-0.00937159
Airline Name_Kuwait Airways  ,0.039146867,0.0017738342,0.006404899,0.025795106,-0.017217495,0.022962783,-0.025362158,0.03237805,0.045226816,0.026446808,0.0405016,-0.04641205,-0.039026298,0.02763522,0.02045456,0.03168949,0.039447475,-0.048376955,0.037167158,-0.042684745,-0.025528288,-0.02032863,-0.028746773,0.00742333,-0.013545107,0.03004941,-0.046842527,0.03915337,0.02261177,0.046915818,0.022683252,0.017498862,0.006722592,-0.0022590049,-0.035553753,0.03936294,-0.042250134,0.040249575,0.016593602,-0.018173706,-0.01819874,-0.0022306815,-0.024031878,-0.009623814,0.043140676,0.026289072,-0.0128031485,0.041728403,0.033220638,-0.040889464
Airline Name_LOT Polish Airlines  ,-0.029435707,-0.006367184,0.019283477,0.015829924,0.035790417,-0.045718145,-0.0045140274,0.033744935,0.02906153,0.022035364,0.02089348,-0.03772237,0.006360948,-0.02510854,0.010414887,0.0056500435,0.0073233247,0.014384214,0.022798572,-0.0055182576,0.0004738085,-0.008061446,0.04672427,0.04765885,0.032401744,0.019851122,0.031120207,-0.045207977,-0.048654236,0.004742395,-0.008484982,0.0072132573,-0.026118075,0.046633568,0.010659348,0.037820708,0.015073705,-0.03732107,0.022830043,-0.02351339,-0.0036953092,-0.02212124,-0.002257742,-0.02026155,-0.01375296,0.013329122,0.0040047877,-0.025483144,0.009851515,-0.046322074
Airline Name_Lan Airlines,-0.032063663,0.0009684339,0.018261265,0.045873176,-0.0027556047,0.042680692,0.0466586,0.046338055,-0.001537513,0.013119448,-0.048774507,0.04970667,-0.01788174,-0.01945473,0.043668356,-0.03553324,0.005513381,-0.01925354,-0.0063305385,-0.04829923,-0.017712913,-0.030964768,-0.0432776,0.012684409,0.030263815,0.03439391,0.0034985058,-0.04680265,0.04681501,-0.033223055,0.004585374,-0.0044004433,0.045838106,0.043895874,0.041162435,0.042608175,-0.0003321059,0.03632876,0.035302404,0.025895033,0.024922717,-0.026060535,0.00065529346,0.025155079,0.04310656,-0.038988102,0.03347962,0.018924896,-0.036091708,0.036080744
Airline Name_Lufthansa  ,-0.041675054,-0.038116585,-0.0053259954,-0.038049735,0.019773964,-0.0008463487,0.009070944,0.014039461,0.032859076,-0.03974397,0.04937705,-0.013790477,0.012318563,0.021635104,-0.021399725,0.047975544,-0.046315767,-0.033399977,-0.041250087,0.030840341,-0.039149594,0.016305063,0.015183482,0.0020598173,-0.030736983,-0.018862559,0.03834032,0.009179842,0.022767697,-0.031358697,-0.00010801479,0.038434777,0.00929885,0.02192397,-0.03172741,-0.04524466,0.030298207,0.04308713,0.03662615,0.04037789,0.0048335195,-0.03820187,-0.040100835,0.011934053,0.016042355,0.003789723,0.012444533,0.001213111,0.045042846,-0.022736764
Airline Name_Middle East Airlines  ,-0.03050381,0.0063708536,0.036002528,0.022745881,0.0061121807,0.025981557,0.041029874,-0.017956495,0.0037128553,-0.030454064,-0.018740606,0.008102991,0.026666272,-0.0022549257,0.012777898,0.017235067,0.034557197,-0.025368262,-0.046815228,0.033042256,-0.016360246,0.012771379,0.01639435,-0.0132887475,-0.0036001801,-0.044385385,0.044864524,0.024232958,-0.040451847,0.031044569,-0.039814055,0.04435097,0.02414092,0.026742432,-0.010342468,0.04006243,0.014454674,0.021670844,0.033652965,-0.036542952,-0.03240142,-0.02774694,-0.017276406,-0.0028506145,-0.04156989,-0.023565544,0.041479398,-0.038672734,0.022676442,0.00032895803
Airline Name_Norwegian Airlines,0.025782052,-0.0065375194,-0.011852335,0.038056817,-0.0026759729,-0.008968186,0.034581017,0.040124644,0.022447776,-0.014332235,-0.014767505,-0.017553795,-0.023111654,0.02166858,-0.021454299,0.0015645847,0.0025041215,-0.021297311,0.04726546,-0.025869345,0.02635007,-0.04940318,0.0029895417,0.025772166,-0.007130958,0.002734743,-0.030468965,-0.0349864,-0.028198838,0.037355337,0.025601078,0.044505883,0.0088513605,0.02420697,-0.015561152,-0.04012817,-0.02285465,0.0007701032,-0.03673514,-0.010640014,0.0023746267,-0.009910323,0.03782132,0.030949187,-0.041413106,-0.02736081,-0.040883075,-0.025349617,0.04312593,0.0044260733
Airline Name_OMNI Air Express- (OY),-0.0004892722,0.012317896,0.00738772,-0.010985635,0.03367405,-0.007195115,0.04234526,-0.0042658336,-0.018690359,0.04020157,0.042828787,-0.02469027,-0.00557841,-0.047042847,-0.031215668,-0.031190908,0.03743792,0.0018743277,-0.04720353,-0.024040103,-0.038189255,0.029566493,-0.041966796,-0.00787897,-0.04390478,0.022095475,-0.022071136,0.022091892,-0.033585034,-0.039010428,-0.041856885,-0.018490553,-0.0055427924,0.017269287,0.017516244,0.022282686,0.0116507895,0.0023117773,-0.003328193,0.011017762,-0.009108603,-0.027599895,0.034264278,-0.039917745,-0.010897912,0.024021748,-0.023092939,-0.03529819,0.018233668,-0.004866291
Airline Name_Pakistan International Airlines Cor  ,-0.022025561,-0.037819363,0.034445953,0.026425485,-0.038717557,-0.0019451492,-0.0059007034,-0.038494073,0.045123603,0.032763552,-0.0396037,0.03219303,0.01691636,-0.025244832,0.04058749,0.023259986,-0.016080666,0.02163804,0.0037761927,-0.014751673,-0.03168408,0.013182726,0.023888137,-0.038798235,-0.028997874,-0.03863857,-0.0048439614,0.02006251,0.0059561245,0.025647584,0.032589402,0.042986963,0.022361483,-0.0018791333,-0.016031742,-0.028545534,0.01224526,-0.035017837,-0.007868528,0.020013306,0.0058257803,0.005133927,0.0036507025,0.013268042,-0.005996179,-0.043534864,0.002932787,0.034323487,-0.013611518,0.042761277
Airline Name_Philippine Airlines,0.0206008,0.007747017,0.0142301805,-0.042555142,-0.01008153,0.042692695,-0.032112956,0.042164613,0.020614397,-0.018615544,0.035322357,0.01814134,-0.0350868,0.044405628,0.04560883,0.044788685,-0.015998818,-0.035229065,0.00023690611,-0.049537838,-0.0058679692,0.0036105402,-0.0009093769,0.028011944,0.03214014,-0.009293176,0.01854327,0.0236553,0.03953239,-0.025182044,0.0028795376,-0.049663913,0.037253547,-0.010105979,-0.03641783,-0.029759169,-0.026592672,0.004830431,0.008564472,-0.016088523,0.014540527,0.01713233,0.014359903,-0.003316868,0.007271815,-0.014034521,0.023050774,-0.010233652,-0.00066262484,-0.031616747
Airline Name_Polish Airlines  ,0.026272599,0.03464066,0.0130206235,-0.00044188648,0.015606467,0.027684342,0.04171058,0.037112366,-0.037940323,-0.04548321,-0.0403584,-0.023379505,0.021693673,0.028266061,-0.026782406,-0.015897393,0.031821165,0.04140896,0.0032102577,-0.008720316,-0.03064686,-0.026827907,0.029813204,0.038630236,-0.024732579,-0.005696345,0.037036825,-0.029969288,0.03808553,-0.03964894,-0.008193612,0.027606618,0.00934732,-0.022899842,0.029861752,-0.011182688,0.042826388,0.010483038,0.03565749,-0.025977923,0.0086128,-0.019960273,0.008200288,-0.029704988,0.0008360967,0.039989177,0.026240218,0.0029197223,-0.021110201,-0.0181144
Airline Name_Qantas Airlines,0.022355843,0.048136476,0.020879123,-0.021261705,-0.006226264,-0.004803896,-0.01880349,0.0441466,0.004886307,0.025691304,-0.01547711,0.042635094,-0.048775494,0.029841673,0.048742283,-0.0142828,-0.020991718,-0.0011755116,0.006543409,-0.039310873,-0.030930651,0.014594387,-0.047499813,0.027345922,0.02080809,-0.02011012,-0.030186534,0.015062857,-0.045035757,-0.024399484,-0.020018686,-0.017075408,0.0076018795,-0.041848242,0.038865063,0.04497489,0.021902692,-0.032161463,-0.029304791,-0.016157508,0.036545638,-0.042803455,-0.036059964,0.0111250505,0.01955266,0.024733115,-0.0226918,-0.00738604,0.025588978,0.009710826
Airline Name_Qatar airlines,0.034514856,-0.025204718,0.031850245,0.0012146458,0.013387982,-0.039405346,-0.046918344,-0.0035990104,-0.013132893,0.002196394,0.045310963,-0.03215029,-0.003963232,0.024057303,-0.019624842,0.03042617,-0.028165592,-0.03364569,0.026977215,0.026296545,-0.0015952364,-0.022126913,0.025449466,-0.037227236,-0.019872582,-0.00671196,-0.033134483,-0.044893216,-0.031283513,-0.043222845,0.03204527,0.04974315,0.030155782,-0.03639395,0.028705444,0.0022573583,0.013346884,0.021100711,-0.007068731,0.04110818,-0.0031773224,-0.0005639568,0.031051341,-0.032345787,-0.039072204,-0.047870483,-0.019775843,-0.004311014,0.0131410025,-0.002776347
Airline Name_Republic Airways,-0.040175032,0.0033390038,0.00042884424,-0.030464053,-0.005023729,-0.0015841499,-0.025373949,0.024993364,-0.00039312989,0.018901315,0.023731519,-0.0076517686,0.032134403,0.0083579905,-0.023931373,-0.041219138,-0.011520028,-0.038016833,0.04297037,0.017844025,0.0037490353,0.04613633,0.041464243,-0.036945533,-0.015931856,0.04556967,-0.0257442,-0.043081652,-0.0002688989,0.045302812,-0.0041718856,0.014807668,-0.037491072,-0.0012689009,-0.025047028,-0.04721837,0.011848569,-0.0050044283,-0.0043007843,-0.017479278,0.014005613,0.0060221776,-0.025046349,0.042627636,-0.020713305,-0.026158715,0.021110084,0.02822354,0.04848304,0.004502274
Airline Name_Royal Dutch Airlines  ,-0.031660475,0.012169171,0.035574246,0.01615261,0.018426064,-0.047364272,-0.009070884,0.040592562,-0.025815165,0.02871393,-0.0430717,-0.023828149,-0.03994907,-0.044573296,-0.039375983,-0.046355844,-0.031211985,-0.03235831,0.021220777,0.0056142323,-0.004321862,-0.030943274,0.037722256,0.019878004,-0.020267356,0.033350673,0.03214166,-0.0070871003,0.01815847,0.034114543,0.04533763,0.020784352,0.03688066,0.020765748,-0.017234135,0.011151552,0.0044274554,-0.031117344,0.0110316165,0.0331777,0.026484322,-0.03741963,0.029257108,-0.026889026,0.017409671,0.029732022,-0.034978114,0.021180931,0.025736343,0.040711764
Airline Name_Royal Jordanian Airline  ,-0.040673614,-0.039061356,-0.015874505,-0.008330356,-0.018022038,-0.024916613,-0.044227254,0.014071915,-0.037028812,-0.046566643,-0.001833044,-0.02284336,-0.034874,0.011388194,0.022355441,0.0032788739,-0.018104363,-0.037873387,-0.004711725,0.023167182,0.015257623,0.03830811,-0.04354713,-0.025592877,-0.031868983,0.04532114,-0.03864355,0.019226287,-0.00932784,-0.0010573491,0.024313394,-0.01874882,-0.033711888,-0.040714704,-0.01735717,-0.0002909787,0.0049508214,0.017135117,0.045620505,-0.026409602,-0.023246348,-0.02626108,-0.026672114,0.02003814,-0.007254459,-0.046026792,-0.011356689,0.040615868,0.017155115,0.049328316
Airline Name_Santa Barbara Airlines,-0.00063217804,0.03906974,-0.047525145,-0.03919319,-0.014922988,-0.010985635,-0.026595796,0.011339702,-0.022958387,0.028861526,0.013854895,0.022645358,0.044493984,0.045384455,0.008292984,0.037259582,0.009596266,-0.04196757,-0.0013998747,-0.041292667,0.023694757,-0.0063064694,-0.045725644,0.027342629,-0.021435548,0.037942078,0.02056146,0.04678798,0.02384672,0.037441682,-0.018131278,-0.01763643,-0.016278744,0.011693288,0.034208406,-0.042469062,-0.03682393,0.0046585575,-0.027208984,-0.0130372755,-0.029091371,0.002128005,0.004920326,0.03769808,0.04598454,0.009084739,-0.010844849,-0.0026051886,-0.004036475,0.012565266
Airline Name_Sata,0.004542064,0.030643646,-0.008976378,0.0037212856,-0.014712252,0.018737879,0.049881052,-0.042560887,-0.013563953,0.033096027,0.032685127,-0.027946878,-0.044685006,0.019519638,-0.010485064,-3.3747405e-05,0.009607267,-0.044312824,0.040944766,0.02997512,-0.015641846,0.032728914,-0.034017194,0.0419246,0.008463133,0.02260058,0.029763017,-0.00818906,-0.020160342,0.0142895095,0.029725347,0.023321483,-0.002967108,-0.043212153,-0.010023437,0.015568864,0.03432587,6.4745545e-06,0.008161139,0.014084194,-0.027999032,-0.03430623,0.00011890009,0.0008427985,0.034910295,0.023763184,0.008606542,0.014293682,0.024419952,0.0447932
Airline Name_Scandinavian Airlines Systems  ,-0.029871559,-0.0492208,-0.015135694,-0.04450046,0.011025298,0.03397641,0.0150874965,-0.023179973,0.034665313,0.0037930831,0.023968924,-0.04689857,0.02273884,0.0018859282,0.038292978,-0.0002117753,-0.00082125515,0.004306305,-0.01372714,0.0206432,-0.0026940703,-0.048751365,0.032564227,-0.022752428,-0.023254229,-0.02117443,0.007547714,-0.0013813749,0.00041841343,-0.0019946098,0.038176965,-0.037374236,-0.04914565,-0.02792269,-0.0311648,-0.024509251,-0.024046814,0.0155256875,0.023303341,-0.0039295666,0.03065164,0.029703762,0.046643425,0.011834465,0.008270431,-0.026311433,0.008277833,-0.0034803152,-0.041254424,-0.0427186
Airline Name_Silverjet,0.015552569,-0.002403237,-0.012817871,0.012331091,0.03940929,0.0181594,-0.035742246,-0.037979625,-0.0021860823,0.001871489,0.017955113,0.0015805252,0.00907141,-0.020817114,-0.026445592,0.019610438,-0.021134233,-0.046971906,0.037238184,0.017060962,0.015282381,0.018479694,-0.015491448,0.007691838,-0.021146858,-0.025854636,0.00047967583,0.039203335,-0.023325587,-0.0058980696,-0.004277028,0.011874415,0.036167804,0.031210128,-0.0310534,0.024325315,0.04972491,0.023457948,-0.025134778,0.014761481,0.0117861405,0.02814002,-0.0058483593,0.0133898,-0.042378295,-0.03286363,-0.032941103,-0.015410114,0.031098973,-0.033127297
Airline Name_Singapore Airlines  ,-0.0066914186,-0.033355296,-0.024166321,0.049990583,0.018743169,0.021848504,-0.032599106,-0.028378332,0.017648209,0.042450894,-0.045212235,0.00659262,0.005054496,-0.04460448,-0.041922785,-0.024387324,0.02695999,0.04255816,0.01489735,-0.02052561,-0.0060063377,-0.03078903,0.026076745,0.046382856,0.026630472,0.004421998,0.045800958,-0.0009553209,-0.044750847,0.010628164,0.031822626,-0.047717072,0.016228143,-0.034615945,0.020822134,-0.04325999,0.028816272,-0.032679155,-0.013799526,0.014583442,0.012368429,-0.0049396977,-0.043713797,-0.03745403,-0.04922631,-0.040772893,0.00891168,-0.03797537,-0.0063496605,0.024833132
Airline Name_Skywest Airlines Inc USA  ,-0.00028968975,0.02254254,0.005122494,0.010018624,-0.042859424,-0.032938503,-0.011344098,0.048569474,0.049329948,0.042956863,-0.017418493,0.021868397,-0.013682913,0.04462305,-0.0133935325,0.033325557,0.040195588,-0.0029304996,0.018723857,-0.03025136,0.036748115,0.008686602,0.014886882,-0.026704788,0.029322151,-0.0166983,0.02697419,-0.031613648,-0.019595027,0.009272326,-0.04268334,0.042032722,-0.04811542,0.034127977,0.0044861548,-0.016826592,-0.007634759,-0.009983741,-0.04059564,-0.01540792,0.04161867,0.0034019127,-0.00615827,-0.026147043,0.04417176,-0.03266696,-0.0025627129,0.03152189,-0.0356073,-0.04491786
Airline Name_South African Airways  ,-0.01685226,0.004800558,-0.01342497,-0.022964526,-0.0021132454,-0.03233353,0.03142787,0.03267164,0.004129041,-0.029841816,0.024347808,-0.036383808,0.045796003,-0.047702815,-0.047576655,-0.045298185,0.047559414,-0.04068494,-0.031015838,0.049278032,-0.04266758,-0.03010559,0.04415257,0.039324436,-0.014590215,0.018839989,0.017351914,-0.025564766,-0.04403156,0.0050665624,0.048010003,-0.004735291,0.014700305,-0.020688046,0.023132566,-0.0015691519,0.008949079,-0.0407207,-0.04173392,-0.023867298,0.033886876,0.02555127,0.023376476,0.015347328,-0.024199618,-0.04226471,-0.041802943,0.031734202,0.039621774,-0.029578209
Airline Name_Southeast Airlines,-0.03216491,0.0356233,0.03114723,-0.043242622,-0.016728498,-0.009792171,0.0029942282,-0.039004028,7.113069e-05,0.037804913,-0.014097165,0.04320905,-0.010031618,0.022425901,0.040557016,-0.009065878,-0.019166505,-0.037101366,-0.031091714,-0.005320955,0.035102073,0.040842105,0.0008501299,-0.001734972,-0.028537143,-0.012327362,-0.01845174,0.031881895,-0.006243445,-0.026747907,0.024138693,-0.032395743,-0.023086274,-0.011936046,0.01931182,0.029000018,0.013807181,-0.03136897,-0.038546074,-0.015310716,0.039428342,0.0372451,0.018345978,-0.0025170557,-0.012117982,0.033497956,-0.043607414,-0.04760766,0.0390178,0.02686235
Airline Name_Southwest Airlines  ,0.049660925,-0.005271971,0.028962065,-0.018827582,-0.018743455,-0.021396304,0.030704688,-0.042668115,-0.006914854,0.04342406,0.03901558,0.045257,0.013593722,0.026831198,0.020249572,0.026801381,0.039559904,-0.035013784,-0.043622326,-0.022524346,0.0028384551,-0.0025841221,-0.03200499,0.025393736,-0.008677721,0.04966564,-0.007496882,-0.016321123,0.0006726384,0.038721416,0.0057182424,-0.025751162,0.045277905,-0.049123395,0.031810213,0.023319889,0.049103405,0.03794645,-0.0108134635,-0.028222715,-0.04321369,-0.035095714,0.030055527,0.025814142,0.01922815,-0.026075745,-0.03086139,-0.017058898,-0.029558754,-0.01811545
Airline Name_Spirit Airlines,0.042730596,0.030950736,-0.02578087,-0.0051769987,0.049340595,0.039429735,-0.021047771,0.0026736744,-0.019531274,-0.0106594935,-0.018141448,-0.010970317,-0.017591,0.021715868,-0.038778197,-0.026518738,-0.03011626,0.022021603,-0.014122151,0.014813315,0.009503376,0.014569644,0.03507216,-0.030716538,0.0037901402,0.019494269,0.04434972,-0.04916525,0.04853585,0.030301187,0.04243653,0.0063208826,-0.03554263,-0.032363832,-0.04505911,0.037329916,0.04681733,-0.03743987,-0.031693913,-0.010396101,-0.041891158,-0.00049328804,0.009052992,-0.027331293,0.0261917,0.028719846,-0.023517335,-0.011461783,0.019101527,0.01138271
Airline Name_Sun Country Airlines Inc  ,-0.014250219,0.0040535107,-0.031384744,0.045911778,-0.03621621,-0.04810789,-0.038894393,0.0459199,0.039796595,0.027209882,-0.03288232,0.030601624,-0.0098771565,-0.033829167,0.024638642,-0.024710739,0.018816832,0.04353452,0.035268214,-0.0056738257,-0.026968658,0.011214364,0.036977682,-0.0050450936,-0.029447854,-0.038484883,-0.007958196,-0.0046816953,-0.03820015,0.024732064,0.037376348,8.264929e-05,0.0020641796,0.018875007,0.0021375902,-0.0027546287,-0.048645116,0.042744886,-0.03348142,0.036176432,-0.011090517,-0.03945018,0.0309165,-0.0033106916,0.04604682,0.032398794,-0.03897946,-0.008995939,0.0404745,-0.03872659
Airline Name_SunWing Airlines,-0.02948755,-0.0018262491,0.007120371,0.04816002,0.028854694,-0.007979561,0.046420608,0.006249808,0.042457353,0.0022883527,-0.020964026,-0.0077570453,-0.034104943,-0.04512328,-0.026080204,-0.036816526,-0.016054869,0.03654531,0.031575147,-0.036820374,0.04378322,-0.018514466,-0.041024722,-0.039779056,-0.008090507,0.019388381,-0.009363901,-0.0078119636,0.037686933,-0.02926203,-0.01410668,0.032554377,-0.0005603209,-0.024521267,0.025031935,-0.03739593,0.0016461127,0.047081497,0.009674035,0.0064511187,0.01934931,-0.037136517,-0.049669754,-0.030116785,-0.034749232,-0.016024567,-0.043914974,-0.027546776,-0.030603647,0.027017418
Airline Name_Swiss Air  ,0.03314339,0.028300453,-0.021297682,-0.04216926,-0.029137207,-0.041994296,-0.0288579,0.010457039,-0.013774395,-0.046664,0.034577932,-0.020387888,-0.04731654,0.009016551,0.033979665,-0.02955612,-0.045417573,0.036118437,0.0112536065,-0.027771426,0.042065594,-0.005997859,-0.04174894,0.03809445,-0.015471794,0.017711286,0.012658391,0.034713242,0.025498878,-0.046376,-0.008028723,0.013903845,-0.003925778,-0.012240589,-0.042604066,0.031483535,-0.026673688,0.018481221,-0.043207552,0.045154605,0.011168085,-0.040824033,0.016901087,-0.018550884,0.0023981817,-0.046231356,0.027584504,-0.0103802085,0.021514546,0.039357338
Airline Name_TAM airlines,-0.04648328,-0.011687815,0.009398948,0.014480207,-0.033027887,0.017055545,0.014626231,-0.04184525,0.049588528,0.023763571,0.033985484,0.04621936,-0.035651207,0.044631135,0.02191386,0.042322014,0.034653906,0.049040165,0.03943247,0.038928915,-0.040872287,0.0013394952,-0.007373322,0.044948842,0.044401277,-0.021534145,0.030325446,-0.004219163,0.012745526,0.0043774955,-0.016025744,-0.0068842396,-0.01621791,0.03618746,0.030935492,0.02679259,0.024957929,-0.049758412,0.037198078,-0.02085253,0.0037330613,0.046993818,0.04634892,-0.004398655,-0.02307837,-0.03640151,-0.03781141,0.04463232,-0.0035420768,0.00063785166
Airline Name_TAP Portugal,-0.013773285,0.025497425,-0.026387919,-0.041213404,-0.01174425,-0.036597215,-0.017337106,0.040743377,-0.043241896,-0.01599183,-0.049191773,-0.00647106,-0.0070836768,0.019449938,-0.035342515,-0.014781214,-0.03790771,-0.023045361,0.02257334,0.04900119,-0.04756081,0.03581964,0.015127946,0.015481997,-0.01885109,-0.008902095,-0.034213185,-0.038859226,-0.00068149716,0.043305133,-0.013547432,-0.04488888,-0.026908232,0.035718273,0.017963652,-0.020652091,-0.012121223,-0.019198788,-0.042035915,0.016996074,-0.021866823,-0.016618382,-0.02549485,-0.0023690239,-0.04609673,-0.0014859922,0.042790722,0.03927065,-0.03217385,-0.038537145
Airline Name_Transaero Airlines,0.018945102,-0.017292548,0.027380314,-0.0213982,-0.024455238,0.01973058,0.03439642,0.009536229,0.024584044,-0.03126756,0.042431977,-0.007151462,0.029605832,0.038666133,0.03687689,-0.042434074,0.02141789,0.022787001,0.008337162,-0.01589334,-0.01705711,0.040468525,-0.01937802,0.009177398,0.01628356,-0.028974665,-0.0070123896,-0.017232634,-0.03738295,-0.009544574,-0.026720202,0.043306027,-0.03958877,0.0051705465,-0.018311858,-0.0012268648,-0.015170563,-0.02780558,0.026686702,-0.038277317,0.042372692,0.008173086,-0.028553987,0.033778276,-0.049274754,0.04467657,-0.023489583,-0.025712324,-0.029001165,0.029824797
Airline Name_Turkish Airlines  ,-0.0020704158,0.030720774,0.04012995,-0.04515016,-0.020639742,-0.01862526,0.031475995,0.009340476,-0.046928823,0.025192786,0.020958532,0.006965507,0.049209844,0.04321033,-0.020632077,-0.017647099,0.012914125,0.019670594,0.01024542,0.024242628,0.01802503,0.024153683,-0.00022075325,-0.026381982,-0.016362619,-0.011769962,0.029234681,-0.048215378,-0.04714414,0.04028405,-0.008123923,-0.03917445,-0.038914572,-0.031351686,-0.027310764,-0.022452736,0.026921775,0.01928259,-0.0031644218,-0.0082379095,0.036372032,-0.047654867,0.037097346,-0.03478366,0.014466908,0.017653335,-0.044872712,0.022111807,-7.529184e-05,0.0048135296
Airline Name_UAL  ,0.00021985918,-0.03230182,0.04571647,0.0021366477,-0.02093463,0.044293884,0.029112626,-0.04681629,-0.03472177,-0.015762854,0.041519392,0.013481822,-0.019913781,0.020032298,-0.049667895,-0.022599494,-0.036722172,-0.032403782,-0.0031011105,-0.04656576,-0.0051917434,-0.020309914,0.0018290877,-0.032183386,-0.03355086,0.0102638975,0.0032901876,-0.028809046,0.03749113,-0.024852682,0.008075882,0.008227002,-3.4943223e-06,-0.028614938,-0.04466443,0.005035173,0.039301846,0.027988616,-0.016705394,-0.019244814,0.014208641,0.0401938,-0.007332839,0.038049627,0.045599964,0.0030190572,-0.011747897,0.047186945,-0.03684318,0.041890573
Airline Name_US Express,-0.015751041,-0.0047635324,-0.037235796,0.00851766,0.0011292212,-0.013885163,-0.022823572,0.012179017,0.017655302,0.030764494,0.008413244,-0.032829393,0.048734356,-0.02160176,0.0040807724,0.024793852,-0.04365758,0.035145257,0.034577336,-0.038745962,0.011652242,0.03159595,0.033499394,0.03170898,-0.007925749,0.015484106,0.0044255145,0.040237095,-0.032158695,-0.013434134,0.0055046193,0.0056113377,0.042155948,-0.0065427534,0.02303965,-0.02990805,-0.034557723,-0.04468403,0.01210016,-0.032307222,-0.03591814,-0.023439754,-0.030071605,0.019806575,-0.010745406,0.035679493,-0.046965968,0.018788565,-0.008210145,-0.042899717
Airline Name_USAir  ,0.013439123,0.038009834,0.016184065,-0.047120538,-0.011004329,-0.04634116,0.04714227,-0.011127174,-0.046666086,0.031104181,0.027356472,0.03850783,-0.022941435,0.024007503,-0.03346803,-0.030107034,-0.018306576,0.0051355474,0.009822059,-0.034906663,0.013558831,0.0006073229,0.019271303,-0.023959149,0.016364168,0.019375179,0.0078057274,-0.034700286,0.0038627386,0.0021144375,-0.016551625,-0.009228218,0.04736631,-0.025139118,-0.033324435,0.049865846,-0.003378559,-0.025031531,0.03753784,-0.040561415,0.032733988,0.037198413,-0.013247419,-0.042013623,0.010212433,0.044099774,0.0380837,-0.04393611,-0.01304128,-0.0011278875
Airline Name_V Australia,-0.021693146,0.009965409,0.038153898,0.012793433,-0.025411475,0.0074011087,-0.0026346445,0.004051745,-0.031431485,0.0045627356,0.026338544,-0.047671046,-0.04605944,0.019043673,-0.0025124438,-0.005967833,0.031979706,-0.0052691326,0.039703894,-0.012435686,-0.019520247,-0.024722135,0.029409636,0.019279625,0.044855062,0.0054960363,-0.015651405,0.019563008,0.029692005,0.020727146,-0.030303717,0.020223808,0.0050983913,0.027441744,-0.027305102,-0.015267085,-0.042611826,-0.006032385,0.03716084,0.011133004,0.0056708567,0.00929147,0.031779673,0.022310149,-0.048075404,-0.012446832,0.027107488,-0.002691485,-0.03355186,0.0029106736
Airline Name_Virgin America,0.039205518,-0.0033636466,-0.035454154,-0.043412577,0.025297273,0.0055114515,0.013358045,-0.030078996,0.029676046,0.010328852,-0.029730976,0.006900646,-0.0026998147,-0.047901895,-0.018205572,-0.021152986,-0.04412632,-0.046583988,-0.016736962,0.009958722,0.018257681,0.02570412,0.0040676,-0.005927395,0.049481582,-0.039978802,-0.00916462,0.012890842,-0.001191128,-0.04112766,-0.033568524,0.021759536,0.048367288,0.034442235,0.03204279,-0.044322908,0.010552168,-0.020719314,-0.02270856,0.042828213,-0.049650848,-0.0077382326,0.009913065,-0.009702504,-0.045276906,0.017123703,0.028781485,0.045625474,-0.01453004,0.027549412
Airline Name_Virgin Atlantic,0.035452116,0.026809696,0.024929378,0.019717406,0.04018371,-0.024578845,0.013010014,0.010844551,-0.02765943,0.025691006,-0.0070086233,-0.00912882,-0.01767949,-0.006953992,-0.03726845,-0.0072765835,0.031414542,-0.032727495,-0.032663513,-0.022698093,0.011367343,0.031365607,-0.014726233,-0.023835516,0.03620222,0.0043109544,0.01875044,-0.019020665,-0.019733608,0.036595833,-0.04516232,0.012701396,-0.042047,0.0277449,0.018539105,-0.026657237,-0.0037798993,-0.039696537,-0.012408484,0.03085753,0.023322012,-0.0133171305,0.0049935095,0.025812794,-0.03565892,0.015676152,-0.018425345,0.0250119,0.044743802,-0.007868815
Airline Name_Virgin Express  ,0.03247926,-0.0052548274,-0.030316114,0.019753244,-0.015052438,-0.029545713,0.0067972653,-3.8921833e-05,-0.0069254525,0.0072777495,-0.008217908,0.035078082,-0.017916583,-0.0066921487,0.038926933,-0.0033628568,-0.04855101,-0.033832718,0.038419094,-0.038130127,0.034104254,0.044180978,0.037716914,0.032378707,0.024555352,-0.008312702,0.0116639845,-0.0024856925,-0.035037052,0.01056131,0.0071138963,-0.01163318,-0.048864257,-0.040305424,-0.04539286,-0.04619981,-0.03760024,0.040945675,0.010852564,0.014481436,-0.024723887,-0.01440357,0.03721482,0.029377434,0.0050730705,-0.035631873,0.020493243,-0.008651901,-0.00016095489,-0.013563585
Airline Name_Volaris Airlines,-0.007747423,-0.006676711,-0.045737386,0.025187436,0.014768492,-0.008110262,-0.025003398,0.042504657,0.003551256,-0.034198,0.023687888,0.030567396,-0.031531513,0.0136461295,0.03246906,-0.039732944,0.02768438,-0.0021429546,0.0069198497,0.038496327,-0.003505133,0.028897408,0.006056655,0.036633942,-0.011677168,-0.024236787,0.032357346,0.01069038,0.038925294,-0.034083415,0.026710715,-0.027107168,-0.037013292,-0.04992477,-0.031607784,-0.0022650138,-0.041279458,-0.015032601,0.022261884,0.010259867,0.0014377236,-0.03231249,-0.012959026,0.007961798,-0.02280494,-0.0019880645,-0.016624488,0.015287604,-0.0461224,-0.030458821
Airline Name_Webjet,0.019713711,-0.031018008,0.046006847,0.045727078,-0.03926419,0.027019631,0.016299311,0.000713896,-0.033661235,0.049326394,-0.030814433,-0.04712682,0.026242737,0.023462962,-0.0057068244,0.007760145,0.024106827,0.04889429,0.02209976,-0.0350829,-0.01034411,0.014025081,0.0037348755,0.039290596,0.044645417,-0.016813181,-0.02525351,0.024993207,-0.03073727,0.0052254573,0.021908928,-0.026746606,0.011969972,0.038133133,0.008794058,-0.03389573,0.016447011,0.009714603,0.038188327,0.0012268648,0.044633877,-0.04541854,-0.03418217,0.009298801,-0.015748214,0.010834254,0.021050368,0.009457849,0.030673418,-0.0027020797
Airline Name_Westjet Airlines Ltd  ,0.020751152,0.012797486,0.033841085,-0.012629736,0.035580944,-0.022559488,0.019503567,0.047561947,-0.045978036,-0.046489906,-0.013236403,0.036041465,-0.004112266,-0.01894561,-0.0017837062,-0.004495453,-0.04704825,0.0026286244,0.049221527,-0.0034178384,0.037030365,0.02455083,-0.02395823,-0.0012259111,-0.016244601,0.046111155,0.048592653,-0.01317402,2.0973384e-06,0.00996995,-0.020762587,0.04179528,0.0033870116,-0.015594222,-0.009594105,0.027206156,-0.018017076,-0.038840294,-0.0144246705,-0.0062118396,-0.040599573,0.014103498,0.0037871227,-0.029057909,0.018301796,0.01577903,-0.0061451197,-0.038206685,-0.026564324,-0.022761
Airline Name_Xtra Airways,0.007769726,-0.0075672753,0.011582315,0.04577065,0.038197566,0.0063335896,-0.037521124,0.04070064,-0.0032621995,-0.025771463,0.029060517,-0.030584728,0.046450917,-0.0003305897,-0.0049157627,-0.04616518,0.033291344,0.042561296,0.0048692934,-0.03754109,-0.048739173,-0.017285489,-0.025605893,-0.018550932,-0.016023554,0.026053261,-0.014802467,0.030672897,-0.027055992,0.035795156,-0.02819934,0.044590358,-0.008847259,-0.045574035,-0.045886733,0.03614373,0.009234715,0.03390335,0.04031681,0.0036193132,-0.0040990114,0.01434933,0.028659414,-0.039535962,-0.033069313,-0.035959493,0.040366042,-0.024454951,-0.034351982,0.0012011155
